0,-2.5855
0.215267,-2.5996
1.210604,-2.6096
2.20943,-2.5766
3.208662,-2.6017
4.210976,-2.6197
5.208066,-2.5988
6.208261,-2.6183
7.209332,-2.6002
8.212475,-2.5695
9.211761,-2.5891
10.209442,-2.6084
11.208856,-2.5969
12.210486,-2.6056
13.207285,-2.5925
14.209631,-2.6137
15.210375,-2.6256
16.208056,-2.5811
17.209023,-2.5959
18.207151,-2.5897
19.285954,-2.6116
20.218495,-2.604
21.207308,-2.5974
22.210428,-2.6035
23.209918,-2.6152
24.211616,-2.5962
25.211845,-2.5969
26.20733,-2.5922
27.208351,-2.5842
28.205508,-2.5949
29.211393,-2.5981
30.208239,-2.5978
31.210721,-2.6228
32.219002,-2.6161
33.217597,-2.593
34.211992,-2.6202
35.209496,-2.6027
36.20945,-2.5893
37.208279,-2.6242
38.217364,-2.6004
39.210702,-2.5944
40.213167,-2.6125
41.207664,-2.5854
42.20723,-2.5726
43.210184,-2.5834
44.207572,-2.588
45.211226,-2.62
46.208098,-2.5836
47.213859,-2.6335
48.211727,-2.5732
49.210745,-2.5822
50.209519,-2.5858
51.205816,-2.5943
52.210546,-2.5957
53.20865,-2.6235
54.206695,-2.6193
55.209013,-2.6163
56.211067,-2.5975
57.209979,-2.6225
58.211481,-2.6032
59.214305,-2.5966
60.205854,-2.6054
61.209165,-2.573
62.210639,-2.5936
63.208051,-2.5959
64.207376,-2.5984
65.213133,-2.6394
66.21055,-2.5964
67.21273,-2.603
68.208485,-2.5921
69.207001,-2.6188
70.208559,-2.6103
71.209145,-2.6332
72.209919,-2.6132
73.209146,-2.6278
74.213458,-2.5929
75.210353,-2.5674
76.210206,-2.597
77.213591,-2.6373
78.212106,-2.6032
79.206609,-2.5982
80.210701,-2.6046
81.213244,-2.6042
82.20983,-2.5972
83.206634,-2.601
84.208918,-2.6132
85.211307,-2.5962
86.212348,-2.5864
87.207899,-2.6026
88.206383,-2.5847
89.210276,-2.6176
90.209071,-2.5901
91.209826,-2.5895
92.210143,-2.5938
93.209654,-2.6017
94.208704,-2.5978
95.212266,-2.5892
96.212015,-2.5916
97.210878,-2.622
98.210635,-2.5806
99.211874,-2.6339
100.209158,-2.6
101.208044,-2.603
102.21209,-2.6022
103.210266,-2.5983
104.207457,-2.5739
105.210106,-2.6337
106.210549,-2.6077
107.210399,-2.6009
108.208878,-2.6337
109.209663,-2.5935
110.208801,-2.5948
111.208167,-2.6048
112.210056,-2.6149
113.213634,-2.5978
114.211087,-2.593
115.211199,-2.5949
116.214067,-2.6003
117.213788,-2.6076
118.213206,-2.6239
119.212478,-2.602
120.211111,-2.601
121.21288,-2.5861
122.212447,-2.6256
123.210982,-2.5922
124.210838,-2.5809
125.211972,-2.6134
126.207869,-2.6112
127.206474,-2.5961
128.209987,-2.5877
129.208558,-2.5906
130.211225,-2.6087
131.208697,-2.6172
132.209066,-2.6181
133.209793,-2.6195
134.210405,-2.6175
135.212422,-2.6209
136.214262,-2.6282
137.211256,-2.5704
138.209206,-2.5847
139.209729,-2.6294
140.211051,-2.6083
141.210687,-2.5975
142.211154,-2.6014
143.213871,-2.5878
144.210894,-2.6013
145.210218,-2.5821
146.212539,-2.5961
147.21168,-2.6204
148.211975,-2.6145
149.212002,-2.6295
150.209258,-2.5926
151.210372,-2.6141
152.208823,-2.5878
153.20867,-2.6176
154.210075,-2.5941
155.20989,-2.6098
156.209197,-2.5708
157.209086,-2.6348
158.210299,-2.6409
159.210269,-2.62
160.207628,-2.6109
161.208679,-2.5991
162.210702,-2.6103
163.211127,-2.5794
164.212718,-2.6012
165.21119,-2.6058
166.20866,-2.587
167.207462,-2.5724
168.210456,-2.6019
169.209256,-2.5989
170.21176,-2.5964
171.210402,-2.5822
172.21016,-2.5961
173.212345,-2.6399
174.210063,-2.5987
175.209927,-2.5771
176.211514,-2.6418
177.213126,-2.5933
178.209791,-2.6106
179.211164,-2.6013
180.20984,-2.6102
181.211164,-2.614
182.210772,-2.6131
183.208452,-2.5979
184.211428,-2.6006
185.2101,-2.6073
186.210576,-2.6086
187.207084,-2.5763
188.212976,-2.5955
189.214033,-2.5918
190.215181,-2.5751
191.211489,-2.6049
192.215438,-2.6167
193.213095,-2.6048
194.211146,-2.5779
195.211694,-2.5834
196.211019,-2.5953
197.209644,-2.5963
198.210304,-2.6081
199.210243,-2.5741
200.208751,-2.5964
201.209346,-2.5955
202.21026,-2.5922
203.209117,-2.629
204.209649,-2.5936
205.207219,-2.5939
206.20982,-2.6025
207.209332,-2.6077
208.209654,-2.6284
209.20961,-2.5882
210.214033,-2.6067
211.211468,-2.5953
212.214403,-2.5712
213.212836,-2.6109
214.213671,-2.5938
215.210469,-2.6149
216.211303,-2.5948
217.211819,-2.5905
218.209004,-2.6089
219.20974,-2.6308
220.209758,-2.5931
221.209086,-2.6105
222.21151,-2.6013
223.210047,-2.6001
224.210105,-2.6087
225.208875,-2.5892
226.214239,-2.5815
227.210242,-2.594
228.209469,-2.5887
229.208835,-2.6153
230.211857,-2.5868
231.211129,-2.5997
232.212346,-2.6025
233.212859,-2.6037
234.207547,-2.6076
235.208742,-2.6036
236.211937,-2.6081
237.208865,-2.6006
238.207134,-2.5913
239.208976,-2.6001
240.210005,-2.5739
241.210132,-2.5936
242.211831,-2.6031
243.212399,-2.6057
244.210079,-2.61
245.211204,-2.5732
246.21101,-2.5812
247.213413,-2.5657
248.211951,-2.6077
249.212275,-2.6124
250.211014,-2.6042
251.211859,-2.6094
252.209766,-2.6014
253.209536,-2.6237
254.210377,-2.5944
255.210318,-2.6275
256.213239,-2.615
257.211008,-2.6069
258.208653,-2.6147
259.211047,-2.6054
260.212017,-2.5869
261.207078,-2.585
262.210303,-2.5858
263.213064,-2.5884
264.211867,-2.6301
265.212266,-2.5928
266.210234,-2.593
267.212606,-2.6265
268.212433,-2.5956
269.21374,-2.5933
270.208872,-2.5814
271.211123,-2.5913
272.209302,-2.5976
273.211916,-2.595
274.209827,-2.6071
275.212358,-2.6097
276.212928,-2.6158
277.211111,-2.6288
278.21107,-2.5886
279.210255,-2.6163
280.213195,-2.6122
281.20893,-2.6079
282.211973,-2.6254
283.213264,-2.5932
284.21219,-2.5958
285.206906,-2.5821
286.207228,-2.5984
287.208549,-2.602
288.211486,-2.5915
289.209326,-2.5983
290.210158,-2.6122
291.211262,-2.6148
292.213418,-2.6099
293.211576,-2.6017
294.211902,-2.6021
295.210329,-2.602
296.214734,-2.6091
297.213058,-2.6017
298.212873,-2.5737
299.213044,-2.6128
300.21243,-2.6164
301.211471,-2.6158
302.210237,-2.6036
303.208175,-2.5874
304.209893,-2.6069
305.210476,-2.586
306.21027,-2.5984
307.206271,-2.582
308.212847,-2.6073
309.213516,-2.5692
310.21044,-2.6072
311.210431,-2.618
312.207835,-2.5918
313.209686,-2.5948
314.211185,-2.6122
315.211729,-2.616
316.212511,-2.5927
317.211493,-2.6168
318.212788,-2.5828
319.21231,-2.5886
320.210392,-2.5946
321.210353,-2.6167
322.207569,-2.6114
323.210869,-2.5852
324.20822,-2.6141
325.209544,-2.6054
326.214822,-2.6005
327.212,-2.5733
328.208791,-2.6026
329.209411,-2.6211
330.214528,-2.6013
331.212891,-2.5809
332.212122,-2.6087
333.213417,-2.5748
334.21117,-2.6074
335.215289,-2.6051
336.21216,-2.6279
337.210805,-2.6051
338.211279,-2.5845
339.212705,-2.6278
340.211034,-2.5838
341.209982,-2.6028
342.209822,-2.612
343.210007,-2.5758
344.208666,-2.6153
345.210976,-2.6199
346.215522,-2.6046
347.21032,-2.6321
348.20925,-2.6113
349.20792,-2.6313
350.209089,-2.5953
351.213403,-2.6067
352.214619,-2.5925
353.21262,-2.614
354.211787,-2.6207
355.211425,-2.6011
356.208876,-2.5894
357.213279,-2.5807
358.210781,-2.5996
359.209451,-2.5719
360.208455,-2.5614
361.207783,-2.5868
362.211199,-2.6029
363.209894,-2.6151
364.210663,-2.599
365.210981,-2.6083
366.208902,-2.578
367.209579,-2.6015
368.208358,-2.6118
369.213449,-2.6102
370.211228,-2.5811
371.209274,-2.6201
372.209061,-2.5945
373.21146,-2.601
374.210828,-2.6075
375.212947,-2.6013
376.212766,-2.6182
377.21218,-2.5707
378.210839,-2.6034
379.210289,-2.6117
380.211592,-2.6243
381.208314,-2.5957
382.209898,-2.6177
383.21001,-2.5943
384.209659,-2.592
385.210596,-2.6137
386.212314,-2.6262
387.211315,-2.6014
388.210157,-2.5757
389.210521,-2.5914
390.213292,-2.6125
391.212751,-2.5981
392.213027,-2.5766
393.21173,-2.5905
394.211391,-2.6135
395.209137,-2.6145
396.21038,-2.6273
397.21007,-2.5672
398.209391,-2.6058
399.211281,-2.5879
400.210124,-2.6222
401.213887,-2.6049
402.212719,-2.6046
403.211148,-2.5999
404.2082,-2.6004
405.20987,-2.5953
406.211447,-2.595
407.210134,-2.6051
408.209556,-2.5931
409.213363,-2.6215
410.212926,-2.5943
411.210543,-2.5753
412.208678,-2.5818
413.210635,-2.5539
414.210508,-2.6104
415.21129,-2.6056
416.209289,-2.6021
417.211308,-2.6029
418.212973,-2.5826
419.210387,-2.5592
420.211522,-2.6037
421.212531,-2.6268
422.213328,-2.6262
423.210394,-2.6026
424.212116,-2.6084
425.211024,-2.596
426.211436,-2.6216
427.213844,-2.6065
428.212768,-2.6352
429.206292,-2.5922
430.210607,-2.5713
431.209403,-2.6292
432.209246,-2.611
433.210243,-2.617
434.209074,-2.6086
435.213264,-2.6196
436.213439,-2.6223
437.208784,-2.6166
438.210988,-2.5877
439.20913,-2.591
440.214102,-2.635
441.211032,-2.6107
442.208584,-2.601
443.208988,-2.587
444.211667,-2.6244
445.209028,-2.6171
446.210419,-2.6043
447.210043,-2.5976
448.210678,-2.5863
449.212091,-2.6295
450.213929,-2.6262
451.212871,-2.622
452.210688,-2.6036
453.21057,-2.5841
454.208679,-2.5778
455.210081,-2.6099
456.213194,-2.5858
457.215575,-2.5939
458.21559,-2.609
459.212731,-2.6064
460.214039,-2.6183
461.210127,-2.6147
462.209091,-2.6359
463.211272,-2.5986
464.211976,-2.6008
465.210364,-2.5906
466.208927,-2.584
467.212177,-2.5971
468.208945,-2.5997
469.209188,-2.5823
470.208185,-2.6129
471.210833,-2.5926
472.209418,-2.604
473.210737,-2.58
474.21032,-2.5991
475.210498,-2.6126
476.211476,-2.5892
477.214668,-2.6052
478.210548,-2.6023
479.21097,-2.6525
480.211143,-2.6024
481.213555,-2.5771
482.211064,-2.5931
483.211421,-2.5772
484.208225,-2.576
485.207495,-2.6076
486.210591,-2.5728
487.21091,-2.632
488.209116,-2.577
489.211185,-2.6008
490.210412,-2.6219
491.212551,-2.6178
492.210925,-2.6272
493.210251,-2.5742
494.211659,-2.6111
495.209247,-2.629
496.210343,-2.6195
497.209976,-2.592
498.210456,-2.5916
499.210449,-2.605
500.20931,-2.5857
501.2107,-2.5912
502.211321,-2.6084
503.209249,-2.5752
504.211038,-2.6212
505.212436,-2.6023
506.211279,-2.6115
507.211921,-2.6124
508.211443,-2.6262
509.210116,-2.6013
510.21152,-2.5816
511.213234,-2.587
512.212627,-2.5996
513.211512,-2.6391
514.210315,-2.5693
515.208646,-2.5753
516.212564,-2.6031
517.209246,-2.5923
518.209342,-2.5998
519.210582,-2.5767
520.210907,-2.6012
521.212002,-2.5847
522.213649,-2.6368
523.211176,-2.5734
524.211686,-2.6016
525.210604,-2.5923
526.212247,-2.5778
527.214807,-2.5991
528.212395,-2.5776
529.213243,-2.5559
530.214938,-2.5958
531.213105,-2.6007
532.212405,-2.5978
533.208858,-2.6032
534.209175,-2.6029
535.209903,-2.5977
536.21003,-2.5981
537.215001,-2.5915
538.212807,-2.5838
539.211302,-2.6019
540.211196,-2.5987
541.213983,-2.5909
542.214699,-2.5907
543.211366,-2.6166
544.212816,-2.6149
545.214353,-2.5658
546.212119,-2.6046
547.210608,-2.6068
548.210314,-2.6041
549.209085,-2.5948
550.210693,-2.6159
551.21051,-2.596
552.211833,-2.5802
553.214792,-2.5955
554.210051,-2.6167
555.211051,-2.5981
556.208168,-2.5951
557.213913,-2.5941
558.211024,-2.6014
559.212472,-2.5814
560.213646,-2.592
561.213298,-2.6446
562.211946,-2.605
563.210287,-2.6083
564.210072,-2.6273
565.210927,-2.604
566.210259,-2.6239
567.212039,-2.5703
568.212881,-2.6277
569.208525,-2.5946
570.211572,-2.6052
571.212462,-2.5765
572.211874,-2.6006
573.209183,-2.584
574.210128,-2.5984
575.211975,-2.5967
576.213527,-2.581
577.21503,-2.5866
578.213592,-2.6094
579.211598,-2.6237
580.210406,-2.5996
581.21032,-2.5929
582.20919,-2.5829
583.209991,-2.5939
584.211318,-2.5723
585.212128,-2.5791
586.211926,-2.5972
587.211874,-2.5652
588.211756,-2.6146
589.210756,-2.6131
590.210203,-2.5662
591.209598,-2.5836
592.211205,-2.6078
593.209245,-2.6107
594.208776,-2.5879
595.214798,-2.5998
596.210721,-2.5749
597.210654,-2.5782
598.212791,-2.5656
599.213105,-2.577
600.213856,-2.589
601.214107,-2.5973
602.210562,-2.5909
603.210328,-2.6294
604.210383,-2.5732
605.210647,-2.6217
606.211912,-2.6037
607.209996,-2.5954
608.209087,-2.6102
609.208972,-2.6236
610.211728,-2.5915
611.212939,-2.617
612.207095,-2.6032
613.213126,-2.5879
614.213735,-2.617
615.213986,-2.612
616.213378,-2.5914
617.208103,-2.6031
618.211066,-2.5861
619.209385,-2.6444
620.212008,-2.6021
621.215458,-2.6002
622.214407,-2.5769
623.213218,-2.6014
624.215087,-2.6101
625.212872,-2.6077
626.213646,-2.6131
627.214207,-2.6034
628.213772,-2.6031
629.209654,-2.5667
630.209058,-2.5682
631.210811,-2.5776
632.211071,-2.6196
633.212047,-2.6072
634.20905,-2.5963
635.210992,-2.5995
636.211107,-2.6153
637.211434,-2.6083
638.210057,-2.5873
639.209816,-2.5905
640.213236,-2.6069
641.21465,-2.6013
642.212101,-2.5906
643.21355,-2.5826
644.212718,-2.5905
645.21408,-2.6176
646.208809,-2.6128
647.210013,-2.6098
648.212965,-2.574
649.212318,-2.5953
650.212104,-2.6146
651.214888,-2.6154
652.213347,-2.6171
653.209784,-2.6094
654.211346,-2.595
655.213046,-2.5951
656.211483,-2.5971
657.212536,-2.6263
658.213935,-2.5928
659.211505,-2.5998
660.210349,-2.5765
661.21125,-2.5918
662.212385,-2.6195
663.210646,-2.6389
664.214236,-2.593
665.21097,-2.6261
666.208778,-2.6141
667.208848,-2.6139
668.212348,-2.6087
669.211184,-2.6106
670.208402,-2.6169
671.208854,-2.5785
672.213164,-2.6078
673.208799,-2.6003
674.216155,-2.6065
675.213472,-2.6149
676.212193,-2.6036
677.213631,-2.6251
678.211967,-2.6192
679.212615,-2.5887
680.210817,-2.5933
681.212138,-2.6032
682.21044,-2.5942
683.213036,-2.6274
684.212382,-2.5835
685.210647,-2.5658
686.211805,-2.6153
687.213894,-2.6012
688.210759,-2.602
689.210453,-2.5798
690.214576,-2.5975
691.213978,-2.5804
692.215895,-2.5761
693.213679,-2.5873
694.213959,-2.5895
695.213844,-2.6098
696.211503,-2.5566
697.210181,-2.6012
698.211251,-2.5852
699.211074,-2.5785
700.21136,-2.6029
701.212791,-2.5841
702.212175,-2.5816
703.210332,-2.6099
704.209678,-2.6027
705.21299,-2.6083
706.209831,-2.6488
707.212067,-2.625
708.212192,-2.5951
709.2113,-2.5882
710.212657,-2.5945
711.211685,-2.6141
712.211694,-2.6205
713.215317,-2.5944
714.211588,-2.5937
715.214815,-2.6148
716.214293,-2.611
717.211377,-2.6096
718.211983,-2.5908
719.210289,-2.6114
720.209249,-2.5728
721.212152,-2.5826
722.210918,-2.5813
723.207639,-2.6189
724.212399,-2.5689
725.21336,-2.6139
726.211154,-2.5841
727.211464,-2.5475
728.213234,-2.6133
729.209582,-2.5971
730.212851,-2.6098
731.211922,-2.5933
732.213171,-2.5835
733.211621,-2.585
734.212169,-2.5799
735.211726,-2.6114
736.212588,-2.6103
737.208104,-2.5935
738.210464,-2.6227
739.209725,-2.598
740.212048,-2.6154
741.211366,-2.5809
742.209694,-2.6214
743.209783,-2.616
744.213358,-2.5782
745.21006,-2.589
746.209634,-2.5837
747.213522,-2.6135
748.212226,-2.5903
749.210247,-2.5929
750.211795,-2.6059
751.210299,-2.5857
752.213422,-2.5888
753.212283,-2.6004
754.213472,-2.5926
755.212247,-2.6241
756.211995,-2.5944
757.21044,-2.5958
758.213373,-2.6161
759.213737,-2.6069
760.212166,-2.6029
761.213449,-2.6038
762.210437,-2.611
763.210256,-2.5845
764.211361,-2.5932
765.21124,-2.5979
766.214157,-2.6041
767.210924,-2.5941
768.212262,-2.6089
769.211283,-2.5974
770.208848,-2.611
771.211798,-2.6101
772.211231,-2.6123
773.208386,-2.5792
774.211068,-2.5704
775.213052,-2.6081
776.214052,-2.6114
777.213167,-2.5833
778.211895,-2.6198
779.211603,-2.6041
780.214204,-2.5979
781.212612,-2.6033
782.211936,-2.6204
783.212182,-2.595
784.211504,-2.6172
785.208473,-2.5923
786.212282,-2.6378
787.20956,-2.6001
788.215817,-2.6174
789.214213,-2.5753
790.211398,-2.5937
791.212485,-2.6184
792.211957,-2.6004
793.211335,-2.5891
794.212774,-2.6175
795.213809,-2.5983
796.214449,-2.5872
797.213995,-2.6085
798.209614,-2.5998
799.211506,-2.5963
800.21197,-2.5898
801.212641,-2.6176
802.212296,-2.5982
803.211626,-2.6033
804.21195,-2.5956
805.213723,-2.614
806.213424,-2.6045
807.212373,-2.5842
808.212076,-2.6076
809.211933,-2.6212
810.213043,-2.5968
811.213613,-2.6026
812.213302,-2.6226
813.21159,-2.5894
814.212957,-2.5834
815.213288,-2.6156
816.213283,-2.5824
817.210117,-2.5851
818.211377,-2.6144
819.209572,-2.6239
820.209337,-2.5763
821.210384,-2.5963
822.211165,-2.6076
823.211447,-2.5767
824.212185,-2.5832
825.212547,-2.5883
826.215313,-2.5972
827.212075,-2.5935
828.213439,-2.6036
829.211175,-2.6243
830.211502,-2.5919
831.212087,-2.6064
832.217446,-2.6311
833.212652,-2.5819
834.212039,-2.5906
835.212379,-2.6159
836.212994,-2.6244
837.213842,-2.5883
838.213265,-2.5664
839.211524,-2.5786
840.211603,-2.597
841.210554,-2.621
842.212211,-2.5797
843.211763,-2.5857
844.211372,-2.585
845.212318,-2.6184
846.207512,-2.6251
847.211695,-2.6069
848.215038,-2.5925
849.211435,-2.5822
850.208959,-2.5798
851.210841,-2.6077
852.213588,-2.6003
853.212085,-2.5943
854.213545,-2.5939
855.214457,-2.608
856.216095,-2.589
857.212517,-2.5952
858.21224,-2.5833
859.213166,-2.6074
860.21564,-2.6076
861.210766,-2.5972
862.212276,-2.5902
863.209921,-2.6419
864.209292,-2.6127
865.209131,-2.6003
866.209853,-2.6091
867.209193,-2.5806
868.210506,-2.6046
869.211782,-2.6063
870.210569,-2.585
871.2128,-2.6279
872.208166,-2.6012
873.212492,-2.5985
874.211474,-2.6137
875.21425,-2.5566
876.211583,-2.6249
877.214052,-2.5849
878.213115,-2.6122
879.209569,-2.6225
880.211134,-2.5981
881.212086,-2.6197
882.210014,-2.605
883.210699,-2.5912
884.209878,-2.5973
885.211405,-2.6368
886.210582,-2.5878
887.209722,-2.6016
888.214036,-2.5896
889.211829,-2.5882
890.211668,-2.6003
891.211211,-2.6014
892.208819,-2.6089
893.211291,-2.6123
894.21293,-2.6376
895.214252,-2.6272
896.214177,-2.5983
897.215092,-2.581
898.212311,-2.5961
899.215382,-2.6153
900.214578,-2.577
901.21005,-2.6065
902.212529,-2.5881
903.211245,-2.563
904.21156,-2.6215
905.20879,-2.596
906.212174,-2.6004
907.2092,-2.6089
908.20937,-2.5995
909.208999,-2.5792
910.213593,-2.6027
911.213447,-2.5996
912.211983,-2.5996
913.212391,-2.5926
914.212638,-2.5875
915.211535,-2.5849
916.211257,-2.5942
917.217523,-2.6173
918.212578,-2.5918
919.213229,-2.5901
920.211092,-2.6042
921.208627,-2.6203
922.210458,-2.6221
923.212926,-2.6034
924.211074,-2.5768
925.210783,-2.6248
926.21265,-2.6034
927.210231,-2.647
928.211651,-2.6186
929.210617,-2.6123
930.210567,-2.6142
931.214043,-2.6126
932.215724,-2.6055
933.209363,-2.6155
934.213102,-2.61
935.212018,-2.6083
936.212541,-2.6128
937.210152,-2.5851
938.210784,-2.6106
939.210639,-2.6076
940.213298,-2.5936
941.212058,-2.6063
942.210005,-2.5887
943.210685,-2.6061
944.210968,-2.6425
945.212214,-2.6013
946.210917,-2.6145
947.214354,-2.6317
948.212036,-2.6411
949.214413,-2.601
950.212742,-2.5804
951.209096,-2.605
952.212358,-2.59
953.210639,-2.5993
954.209499,-2.5952
955.210952,-2.6314
956.211537,-2.6027
957.209311,-2.5915
958.213865,-2.5956
959.213015,-2.6021
960.211072,-2.6187
961.210146,-2.6112
962.208854,-2.5945
963.209109,-2.5731
964.211805,-2.618
965.210524,-2.6062
966.209945,-2.5964
967.209626,-2.594
968.212584,-2.5839
969.214943,-2.6284
970.21311,-2.6038
971.213693,-2.6377
972.2133,-2.6298
973.211996,-2.6189
974.212806,-2.6118
975.211194,-2.5929
976.211366,-2.5969
977.214144,-2.6147
978.216693,-2.5966
979.209405,-2.6085
980.212886,-2.6102
981.213011,-2.5883
982.213409,-2.5784
983.214252,-2.6021
984.216522,-2.597
985.211532,-2.6265
986.212422,-2.5652
987.214649,-2.5728
988.212223,-2.5936
989.211618,-2.6109
990.211933,-2.5652
991.211645,-2.571
992.211654,-2.5658
993.211273,-2.5875
994.213415,-2.6327
995.211274,-2.6111
996.211776,-2.5976
997.215116,-2.6151
998.211393,-2.5841
999.211114,-2.5829
1000.212542,-2.5926
1001.209731,-2.6201
1002.214533,-2.5886
1003.213893,-2.5992
1004.21312,-2.5841
1005.214177,-2.568
1006.213028,-2.5866
1007.210936,-2.5823
1008.210602,-2.5807
1009.211101,-2.589
1010.212437,-2.6165
1011.211814,-2.591
1012.210544,-2.5762
1013.21419,-2.6018
1014.213432,-2.5798
1015.211756,-2.6106
1016.212916,-2.6012
1017.213579,-2.5701
1018.213408,-2.5904
1019.211995,-2.6097
1020.215314,-2.5991
1021.213274,-2.5906
1022.211531,-2.6213
1023.211757,-2.5912
1024.212962,-2.6108
1025.210774,-2.6096
1026.212633,-2.5473
1027.211953,-2.5819
1028.211726,-2.6125
1029.211454,-2.6107
1030.213917,-2.5857
1031.21307,-2.6014
1032.213228,-2.6035
1033.210791,-2.5959
1034.212512,-2.5887
1035.211538,-2.6115
1036.214872,-2.5997
1037.213453,-2.605
1038.213618,-2.5974
1039.216031,-2.6007
1040.215038,-2.5949
1041.211967,-2.6099
1042.212963,-2.602
1043.212345,-2.6244
1044.21101,-2.5983
1045.210627,-2.5875
1046.213945,-2.5887
1047.209747,-2.5848
1048.21409,-2.611
1049.210732,-2.6031
1050.20958,-2.5936
1051.212008,-2.6039
1052.213468,-2.6162
1053.214627,-2.6051
1054.209091,-2.6064
1055.214898,-2.6077
1056.218129,-2.6021
1057.211924,-2.5941
1058.210966,-2.5893
1059.212027,-2.5965
1060.211699,-2.597
1061.211315,-2.591
1062.210095,-2.6165
1063.214567,-2.6013
1064.210953,-2.5989
1065.212171,-2.6002
1066.21273,-2.6031
1067.21057,-2.6032
1068.211133,-2.6077
1069.212358,-2.6313
1070.211893,-2.5962
1071.211612,-2.6124
1072.214174,-2.6116
1073.215833,-2.5842
1074.211705,-2.6088
1075.213022,-2.5942
1076.21759,-2.637
1077.213383,-2.5905
1078.211826,-2.5954
1079.210649,-2.5928
1080.208287,-2.601
1081.211871,-2.5891
1082.212455,-2.6199
1083.212281,-2.6091
1084.21261,-2.5916
1085.211929,-2.5979
1086.211819,-2.5966
1087.212643,-2.5892
1088.213867,-2.6157
1089.212309,-2.567
1090.21373,-2.6022
1091.210318,-2.5842
1092.212436,-2.6059
1093.212161,-2.6056
1094.211915,-2.5984
1095.212056,-2.5687
1096.211598,-2.6218
1097.211402,-2.6213
1098.215659,-2.6182
1099.212368,-2.6154
1100.213795,-2.5919
1101.214811,-2.5998
1102.213631,-2.5853
1103.215945,-2.5895
1104.20996,-2.6018
1105.211331,-2.6045
1106.211126,-2.5926
1107.21104,-2.6214
1108.211229,-2.608
1109.211094,-2.6073
1110.212288,-2.5921
1111.212064,-2.6008
1112.212773,-2.5934
1113.209594,-2.5864
1114.212788,-2.6128
1115.21635,-2.5887
1116.211879,-2.5983
1117.215948,-2.5837
1118.212971,-2.602
1119.213656,-2.5913
1120.211199,-2.6014
1121.211521,-2.5812
1122.211461,-2.6225
1123.211276,-2.6201
1124.212001,-2.5853
1125.213038,-2.6037
1126.212584,-2.5904
1127.213464,-2.5793
1128.216015,-2.6046
1129.209884,-2.5841
1130.212183,-2.5785
1131.212426,-2.5686
1132.211371,-2.6136
1133.213115,-2.6046
1134.214166,-2.6024
1135.211157,-2.619
1136.212574,-2.6218
1137.21447,-2.6265
1138.211509,-2.5726
1139.211831,-2.5779
1140.210273,-2.6098
1141.210889,-2.5992
1142.210082,-2.6047
1143.211847,-2.5787
1144.212324,-2.6023
1145.213177,-2.5977
1146.211502,-2.6153
1147.210364,-2.6165
1148.210791,-2.5921
1149.214159,-2.6161
1150.212159,-2.5797
1151.21319,-2.5814
1152.217506,-2.6175
1153.210515,-2.6063
1154.211756,-2.5847
1155.209846,-2.5804
1156.212352,-2.6097
1157.20989,-2.5728
1158.210168,-2.5899
1159.217872,-2.6176
1160.208786,-2.6065
1161.211557,-2.5867
1162.210117,-2.5991
1163.214751,-2.609
1164.214803,-2.5807
1165.210975,-2.5837
1166.211186,-2.6008
1167.213907,-2.5777
1168.212195,-2.6044
1169.21521,-2.591
1170.212983,-2.5964
1171.211447,-2.595
1172.211367,-2.5856
1173.213718,-2.602
1174.212172,-2.5905
1175.212119,-2.6215
1176.212313,-2.5801
1177.211699,-2.6141
1178.211167,-2.5836
1179.211033,-2.5955
1180.210458,-2.6215
1181.212132,-2.5935
1182.209463,-2.5821
1183.213371,-2.5858
1184.211099,-2.6031
1185.212368,-2.6017
1186.210111,-2.5926
1187.211947,-2.5995
1188.210342,-2.5849
1189.211579,-2.5974
1190.214339,-2.5852
1191.212219,-2.5798
1192.212975,-2.6016
1193.210875,-2.6066
1194.208681,-2.6034
1195.209755,-2.5958
1196.210775,-2.5789
1197.210295,-2.5775
1198.211891,-2.6107
1199.210692,-2.5814
1200.213107,-2.5915
1201.216853,-2.5966
1202.212009,-2.5805
1203.214096,-2.5815
1204.212519,-2.5951
1205.212156,-2.59
1206.210903,-2.5977
1207.211316,-2.5898
1208.210151,-2.5978
1209.211864,-2.6003
1210.211192,-2.6093
1211.211524,-2.6064
1212.214596,-2.5862
1213.211852,-2.6062
1214.21567,-2.5871
1215.21337,-2.5863
1216.211707,-2.581
1217.212346,-2.5776
1218.210452,-2.6158
1219.212244,-2.6007
1220.213271,-2.5918
1221.21412,-2.6186
1222.212943,-2.5948
1223.212701,-2.5965
1224.216037,-2.6022
1225.214724,-2.5962
1226.213385,-2.5992
1227.211651,-2.5785
1228.212795,-2.6157
1229.21215,-2.5984
1230.210767,-2.5721
1231.212931,-2.6158
1232.211978,-2.6239
1233.210582,-2.5864
1234.213636,-2.6268
1235.213859,-2.6166
1236.212725,-2.6099
1237.211541,-2.5801
1238.211593,-2.5949
1239.210851,-2.6154
1240.212822,-2.5989
1241.216862,-2.6011
1242.21159,-2.5857
1243.215985,-2.6131
1244.213251,-2.6146
1245.21326,-2.6039
1246.212117,-2.629
1247.213553,-2.6343
1248.211981,-2.623
1249.211602,-2.605
1250.211658,-2.5929
1251.210726,-2.608
1252.213926,-2.5933
1253.212067,-2.6162
1254.212002,-2.5836
1255.212346,-2.6516
1256.211115,-2.6068
1257.213745,-2.6149
1258.214915,-2.6221
1259.214527,-2.5793
1260.21565,-2.5895
1261.212901,-2.5923
1262.213447,-2.6295
1263.212083,-2.6227
1264.212306,-2.6012
1265.210592,-2.6162
1266.212053,-2.5795
1267.212744,-2.6026
1268.212543,-2.5842
1269.212636,-2.5952
1270.213055,-2.6034
1271.212733,-2.6215
1272.217022,-2.6218
1273.213165,-2.6046
1274.214743,-2.5976
1275.216452,-2.5957
1276.213746,-2.5983
1277.212157,-2.6117
1278.213316,-2.6145
1279.211499,-2.6247
1280.214059,-2.5946
1281.212107,-2.6117
1282.21297,-2.5821
1283.211843,-2.6101
1284.21207,-2.6138
1285.211765,-2.6075
1286.213254,-2.6085
1287.214094,-2.6424
1288.212686,-2.6026
1289.214089,-2.5971
1290.214872,-2.5834
1291.213748,-2.5988
1292.215343,-2.6294
1293.214623,-2.6033
1294.215024,-2.61
1295.216475,-2.5821
1296.213306,-2.5932
1297.212294,-2.6236
1298.212139,-2.6055
1299.212442,-2.5945
1300.212703,-2.6097
1301.212473,-2.6059
1302.212329,-2.6156
1303.211831,-2.6158
1304.21208,-2.58
1305.20935,-2.614
1306.211491,-2.6092
1307.21255,-2.6055
1308.214081,-2.5924
1309.209983,-2.5906
1310.21288,-2.6199
1311.212745,-2.5973
1312.214696,-2.6164
1313.214677,-2.5961
1314.210161,-2.5874
1315.212348,-2.6049
1316.211294,-2.5985
1317.214095,-2.5922
1318.211105,-2.6003
1319.213511,-2.5858
1320.21553,-2.6081
1321.217275,-2.6177
1322.215971,-2.5867
1323.216435,-2.5735
1324.212807,-2.5848
1325.212319,-2.5864
1326.212029,-2.5933
1327.209966,-2.5921
1328.210189,-2.6133
1329.212421,-2.5942
1330.20926,-2.6409
1331.209116,-2.6398
1332.216256,-2.5989
1333.214142,-2.5919
1334.214406,-2.5987
1335.21511,-2.6153
1336.210447,-2.5912
1337.211997,-2.6134
1338.213147,-2.6071
1339.208686,-2.5991
1340.212216,-2.6201
1341.215307,-2.5868
1342.210948,-2.6238
1343.21322,-2.6079
1344.211023,-2.6099
1345.211819,-2.5777
1346.212735,-2.6009
1347.212526,-2.582
1348.212846,-2.6062
1349.210915,-2.5824
1350.213675,-2.5869
1351.212997,-2.6
1352.211736,-2.6168
1353.212114,-2.623
1354.212758,-2.5816
1355.213298,-2.6139
1356.213188,-2.5923
1357.213418,-2.6205
1358.211714,-2.5962
1359.214998,-2.6211
1360.211801,-2.5832
1361.211804,-2.6072
1362.212846,-2.5863
1363.211175,-2.5893
1364.209629,-2.6208
1365.210664,-2.6095
1366.208542,-2.5883
1367.215194,-2.5923
1368.211687,-2.5903
1369.210995,-2.5937
1370.208464,-2.6247
1371.210928,-2.5929
1372.209023,-2.5911
1373.213832,-2.5989
1374.215286,-2.6032
1375.214611,-2.5865
1376.214322,-2.5876
1377.216212,-2.6016
1378.213541,-2.5856
1379.216977,-2.6151
1380.211899,-2.5947
1381.209923,-2.5915
1382.213162,-2.5951
1383.211487,-2.6261
1384.21281,-2.6172
1385.209866,-2.5843
1386.210862,-2.5984
1387.215299,-2.6001
1388.214547,-2.6048
1389.211806,-2.5944
1390.211989,-2.6418
1391.214244,-2.5909
1392.213519,-2.594
1393.212625,-2.5843
1394.216424,-2.6085
1395.211226,-2.6
1396.208779,-2.6081
1397.212595,-2.6158
1398.210845,-2.6109
1399.213358,-2.5823
1400.213183,-2.6001
1401.20923,-2.6111
1402.208929,-2.6332
1403.211303,-2.5988
1404.209579,-2.6347
1405.213355,-2.5946
1406.211066,-2.5772
1407.21479,-2.6285
1408.211127,-2.6112
1409.209965,-2.5949
1410.212407,-2.6039
1411.211658,-2.5933
1412.214563,-2.5876
1413.216327,-2.5823
1414.216791,-2.5769
1415.211318,-2.5717
1416.214642,-2.6172
1417.210539,-2.6063
1418.212495,-2.6098
1419.21181,-2.6199
1420.211422,-2.5937
1421.215075,-2.5993
1422.216867,-2.5827
1423.212618,-2.6024
1424.213461,-2.5858
1425.209455,-2.5912
1426.21192,-2.6039
1427.215922,-2.6041
1428.213706,-2.5699
1429.215025,-2.5983
1430.216513,-2.6297
1431.213366,-2.5934
1432.211806,-2.5759
1433.214032,-2.5944
1434.209714,-2.6062
1435.211446,-2.6087
1436.210916,-2.5862
1437.2125,-2.6008
1438.212443,-2.6088
1439.216173,-2.5997
1440.211136,-2.6017
1441.212528,-2.6082
1442.210783,-2.6108
1443.213675,-2.612
1444.213276,-2.5895
1445.213303,-2.6283
1446.213323,-2.5928
1447.2098,-2.5906
1448.210901,-2.5979
1449.214514,-2.6066
1450.214212,-2.5811
1451.214169,-2.5818
1452.214491,-2.6126
1453.214122,-2.6141
1454.211564,-2.589
1455.213058,-2.6047
1456.211215,-2.5979
1457.211859,-2.6272
1458.210686,-2.579
1459.210773,-2.5803
1460.215359,-2.5853
1461.214429,-2.5948
1462.215384,-2.6266
1463.212712,-2.6192
1464.21348,-2.5987
1465.209101,-2.6262
1466.213323,-2.5906
1467.213842,-2.5977
1468.213425,-2.5891
1469.215498,-2.5889
1470.215169,-2.6193
1471.212971,-2.6163
1472.21522,-2.6247
1473.21189,-2.6034
1474.210271,-2.6032
1475.212727,-2.6195
1476.211441,-2.6009
1477.217166,-2.5858
1478.212184,-2.5884
1479.21331,-2.5962
1480.210775,-2.6217
1481.211574,-2.5744
1482.21339,-2.5939
1483.211606,-2.5952
1484.21271,-2.6069
1485.214551,-2.5663
1486.214698,-2.6077
1487.214601,-2.6166
1488.212554,-2.5863
1489.213451,-2.6125
1490.212793,-2.6147
1491.21305,-2.6079
1492.21086,-2.6105
1493.214044,-2.5661
1494.212857,-2.6241
1495.212479,-2.5995
1496.209816,-2.6101
1497.21331,-2.5866
1498.212217,-2.6163
1499.211161,-2.5983
1500.21226,-2.6026
1501.215449,-2.5767
1502.216587,-2.5835
1503.214326,-2.5891
1504.213273,-2.6035
1505.213634,-2.6195
1506.210826,-2.6081
1507.211433,-2.6195
1508.211874,-2.5692
1509.211516,-2.6003
1510.212094,-2.599
1511.211395,-2.6201
1512.215427,-2.6021
1513.213988,-2.602
1514.211792,-2.6118
1515.211139,-2.5859
1516.21232,-2.5813
1517.213435,-2.6045
1518.212931,-2.6125
1519.216926,-2.5882
1520.212056,-2.5869
1521.213449,-2.6278
1522.215285,-2.6201
1523.21338,-2.5956
1524.21233,-2.5692
1525.212368,-2.5887
1526.208714,-2.6127
1527.2118,-2.5859
1528.211047,-2.6155
1529.213731,-2.6009
1530.21189,-2.5989
1531.212078,-2.5911
1532.215985,-2.6358
1533.215043,-2.5951
1534.212037,-2.6303
1535.212501,-2.6134
1536.212261,-2.6115
1537.215452,-2.5822
1538.211758,-2.6042
1539.217566,-2.5847
1540.214363,-2.5911
1541.210854,-2.6229
1542.212694,-2.5963
1543.212448,-2.592
1544.213453,-2.5983
1545.209992,-2.5784
1546.214135,-2.5843
1547.213649,-2.607
1548.21244,-2.6141
1549.213539,-2.6043
1550.212356,-2.6242
1551.212985,-2.6389
1552.213146,-2.613
1553.217212,-2.5883
1554.212255,-2.584
1555.214034,-2.6003
1556.213494,-2.5902
1557.214788,-2.5776
1558.21206,-2.6025
1559.212009,-2.5906
1560.21249,-2.597
1561.211848,-2.5864
1562.212652,-2.603
1563.212963,-2.6159
1564.209575,-2.5768
1565.21313,-2.5675
1566.212386,-2.5927
1567.213378,-2.5865
1568.214048,-2.5683
1569.209652,-2.6304
1570.212184,-2.6075
1571.213022,-2.5955
1572.212244,-2.626
1573.214179,-2.5656
1574.214882,-2.6123
1575.216036,-2.6127
1576.213815,-2.6224
1577.211748,-2.5912
1578.213274,-2.6071
1579.212367,-2.6204
1580.210811,-2.6191
1581.210107,-2.6034
1582.215572,-2.6104
1583.213388,-2.5989
1584.215783,-2.5795
1585.212668,-2.633
1586.212377,-2.6001
1587.209872,-2.5747
1588.214856,-2.5973
1589.214704,-2.6267
1590.21607,-2.6141
1591.213614,-2.5988
1592.213874,-2.614
1593.214145,-2.6194
1594.211963,-2.5948
1595.214271,-2.5836
1596.214353,-2.5976
1597.213229,-2.5855
1598.210911,-2.6086
1599.211596,-2.5873
1600.211915,-2.5784
1601.210897,-2.5983
1602.215474,-2.5927
1603.213032,-2.608
1604.213591,-2.6173
1605.212569,-2.5926
1606.215638,-2.6046
1607.214075,-2.5994
1608.212026,-2.629
1609.212742,-2.6081
1610.213904,-2.6062
1611.216091,-2.5819
1612.215659,-2.5863
1613.216637,-2.5925
1614.214562,-2.6204
1615.213352,-2.6037
1616.213043,-2.5954
1617.213694,-2.5958
1618.211342,-2.5808
1619.211967,-2.5944
1620.21337,-2.6126
1621.212079,-2.6103
1622.214794,-2.5876
1623.213122,-2.5986
1624.214371,-2.5778
1625.214338,-2.5951
1626.213809,-2.5982
1627.217113,-2.6169
1628.211988,-2.5741
1629.210441,-2.5926
1630.212125,-2.6128
1631.213995,-2.5888
1632.211794,-2.6225
1633.212804,-2.6197
1634.211432,-2.5939
1635.213563,-2.6096
1636.216433,-2.6074
1637.215026,-2.6051
1638.212934,-2.5737
1639.214077,-2.6072
1640.213935,-2.5977
1641.214678,-2.5926
1642.212619,-2.5806
1643.21346,-2.6293
1644.21099,-2.5984
1645.215845,-2.5963
1646.210387,-2.6165
1647.211648,-2.6086
1648.20875,-2.6028
1649.211947,-2.6131
1650.211352,-2.6036
1651.211072,-2.6347
1652.212746,-2.5619
1653.212903,-2.5987
1654.213212,-2.6022
1655.209575,-2.6261
1656.210211,-2.6049
1657.216207,-2.604
1658.214981,-2.6011
1659.215547,-2.5988
1660.216794,-2.609
1661.218043,-2.6049
1662.211936,-2.5804
1663.213445,-2.5889
1664.211618,-2.5719
1665.212396,-2.5954
1666.212979,-2.6168
1667.212148,-2.5909
1668.21396,-2.606
1669.215348,-2.5907
1670.21612,-2.6125
1671.212119,-2.6001
1672.211604,-2.5924
1673.211084,-2.597
1674.214763,-2.6181
1675.216982,-2.6097
1676.213496,-2.5899
1677.213094,-2.5706
1678.21344,-2.6041
1679.213387,-2.6011
1680.213059,-2.5789
1681.214445,-2.6061
1682.212757,-2.6002
1683.211207,-2.5997
1684.211307,-2.5841
1685.212203,-2.63
1686.215044,-2.5892
1687.211709,-2.6144
1688.21106,-2.596
1689.212859,-2.6023
1690.217094,-2.5999
1691.213178,-2.5819
1692.215524,-2.6
1693.211984,-2.6049
1694.212557,-2.5827
1695.214756,-2.5989
1696.213627,-2.6091
1697.215281,-2.5939
1698.215313,-2.615
1699.214638,-2.6219
1700.211816,-2.5811
1701.212427,-2.6201
1702.213453,-2.6055
1703.213362,-2.5858
1704.212234,-2.6062
1705.212385,-2.6012
1706.214452,-2.6057
1707.215126,-2.6227
1708.213426,-2.6132
1709.208375,-2.601
1710.21369,-2.592
1711.212049,-2.6046
1712.214513,-2.597
1713.214066,-2.5898
1714.213207,-2.6029
1715.21769,-2.6141
1716.216078,-2.6062
1717.215875,-2.5972
1718.213105,-2.6108
1719.212147,-2.5865
1720.213049,-2.5855
1721.212874,-2.5854
1722.212159,-2.6077
1723.215924,-2.5788
1724.215724,-2.6241
1725.213441,-2.5968
1726.211166,-2.5905
1727.2123,-2.5769
1728.211457,-2.5819
1729.212141,-2.6037
1730.214512,-2.5856
1731.217034,-2.5898
1732.216022,-2.5596
1733.215764,-2.5999
1734.21509,-2.5933
1735.213659,-2.5613
1736.211915,-2.5698
1737.211615,-2.5772
1738.211693,-2.5866
1739.212147,-2.5916
1740.212722,-2.5945
1741.212252,-2.5778
1742.213546,-2.5935
1743.211374,-2.6273
1744.216912,-2.5746
1745.215446,-2.6068
1746.212082,-2.6035
1747.213524,-2.5948
1748.212762,-2.5669
1749.210181,-2.5985
1750.213189,-2.5606
1751.215501,-2.5933
1752.213841,-2.5902
1753.215875,-2.5784
1754.216435,-2.5878
1755.212302,-2.6037
1756.213473,-2.6045
1757.215392,-2.587
1758.211184,-2.6134
1759.212126,-2.6129
1760.212842,-2.6303
1761.212443,-2.6118
1762.21182,-2.5792
1763.213035,-2.609
1764.211675,-2.6277
1765.212114,-2.5828
1766.21265,-2.6124
1767.216095,-2.579
1768.212327,-2.6113
1769.215147,-2.5932
1770.209823,-2.5868
1771.215131,-2.5635
1772.208928,-2.6148
1773.215374,-2.6054
1774.215168,-2.6186
1775.216424,-2.5893
1776.212401,-2.5923
1777.212454,-2.5996
1778.214266,-2.5805
1779.213623,-2.5963
1780.214308,-2.5772
1781.212069,-2.6074
1782.21206,-2.6319
1783.212592,-2.6011
1784.21516,-2.5924
1785.213134,-2.6272
1786.212926,-2.5925
1787.213904,-2.6144
1788.214089,-2.5937
1789.213148,-2.6146
1790.214393,-2.601
1791.212774,-2.6237
1792.211481,-2.5884
1793.216856,-2.6175
1794.213984,-2.5883
1795.216498,-2.6265
1796.21435,-2.6063
1797.214853,-2.619
1798.211158,-2.593
1799.213566,-2.5813
1800.210924,-2.6271
1801.210621,-2.6095
1802.211392,-2.6096
1803.214787,-2.591
1804.219003,-2.6137
1805.211281,-2.5558
1806.213229,-2.6195
1807.211999,-2.6325
1808.215744,-2.6125
1809.214128,-2.596
1810.216996,-2.6053
1811.217407,-2.5998
1812.213062,-2.6205
1813.212184,-2.5971
1814.212238,-2.6077
1815.212812,-2.6115
1816.213358,-2.6155
1817.212186,-2.6126
1818.213363,-2.5889
1819.211286,-2.6125
1820.21814,-2.6069
1821.212502,-2.5725
1822.210655,-2.6154
1823.212491,-2.5767
1824.213986,-2.5848
1825.213471,-2.5971
1826.212941,-2.5691
1827.211697,-2.6218
1828.215871,-2.5963
1829.215262,-2.6041
1830.214864,-2.5914
1831.216064,-2.6127
1832.216116,-2.5759
1833.21265,-2.5934
1834.214498,-2.6107
1835.213523,-2.6078
1836.213919,-2.5864
1837.212595,-2.6288
1838.212306,-2.5941
1839.211403,-2.6
1840.212379,-2.5923
1841.212255,-2.6125
1842.213172,-2.6025
1843.213919,-2.6147
1844.214896,-2.6197
1845.215321,-2.6023
1846.212976,-2.6241
1847.212851,-2.6037
1848.213367,-2.5902
1849.215703,-2.5985
1850.215897,-2.5983
1851.215292,-2.5949
1852.214103,-2.6192
1853.213866,-2.5798
1854.215791,-2.6128
1855.2123,-2.5915
1856.216049,-2.6006
1857.212434,-2.5957
1858.213818,-2.607
1859.212102,-2.6045
1860.212388,-2.5886
1861.21206,-2.5744
1862.212561,-2.5937
1863.211298,-2.5861
1864.218748,-2.587
1865.214528,-2.6167
1866.214915,-2.6085
1867.21347,-2.6353
1868.214793,-2.601
1869.21411,-2.5843
1870.21675,-2.6083
1871.214181,-2.6176
1872.214396,-2.5889
1873.211727,-2.6007
1874.212989,-2.6111
1875.213872,-2.6048
1876.212399,-2.5857
1877.21471,-2.6026
1878.215258,-2.6102
1879.21445,-2.6146
1880.212855,-2.592
1881.212766,-2.6124
1882.217945,-2.6261
1883.214003,-2.6063
1884.210677,-2.5985
1885.214516,-2.5964
1886.214776,-2.5986
1887.214374,-2.5909
1888.21594,-2.5919
1889.21472,-2.6049
1890.213659,-2.5887
1891.213519,-2.6108
1892.214388,-2.6104
1893.213682,-2.5801
1894.211318,-2.5847
1895.212672,-2.6212
1896.215073,-2.6118
1897.21265,-2.5917
1898.213744,-2.6068
1899.216587,-2.5884
1900.212682,-2.6077
1901.215147,-2.5898
1902.211637,-2.5941
1903.213871,-2.6013
1904.217187,-2.5946
1905.216973,-2.6134
1906.215582,-2.5937
1907.213611,-2.6115
1908.215771,-2.5838
1909.212059,-2.6044
1910.214038,-2.6079
1911.212949,-2.6081
1912.211729,-2.6019
1913.213778,-2.6078
1914.214974,-2.6094
1915.215153,-2.616
1916.214687,-2.5826
1917.213238,-2.5912
1918.213734,-2.6032
1919.215091,-2.5852
1920.214011,-2.5989
1921.215149,-2.5868
1922.21587,-2.598
1923.218469,-2.6121
1924.213467,-2.6188
1925.211332,-2.5894
1926.216845,-2.5821
1927.212015,-2.6017
1928.21172,-2.6022
1929.212076,-2.6083
1930.210525,-2.5555
1931.211041,-2.5947
1932.21371,-2.5972
1933.212479,-2.6016
1934.209694,-2.5821
1935.210701,-2.6101
1936.212212,-2.5695
1937.214571,-2.5989
1938.21701,-2.5992
1939.215437,-2.5847
1940.21123,-2.6096
1941.21397,-2.5874
1942.214758,-2.578
1943.212364,-2.5872
1944.210725,-2.6012
1945.216935,-2.612
1946.215755,-2.616
1947.214056,-2.5953
1948.213928,-2.6139
1949.21225,-2.6085
1950.21249,-2.5856
1951.213414,-2.5916
1952.215827,-2.6041
1953.21351,-2.5832
1954.215384,-2.5796
1955.219073,-2.6029
1956.214517,-2.6073
1957.215975,-2.629
1958.216277,-2.601
1959.215798,-2.5796
1960.21511,-2.6093
1961.213024,-2.6149
1962.215351,-2.5995
1963.21271,-2.6028
1964.211442,-2.5876
1965.21266,-2.5888
1966.212451,-2.6046
1967.212376,-2.6149
1968.213245,-2.5776
1969.213422,-2.595
1970.211978,-2.6119
1971.216331,-2.5937
1972.217347,-2.586
1973.211998,-2.6172
1974.213203,-2.6224
1975.213212,-2.6103
1976.214083,-2.5813
1977.216401,-2.642
1978.213943,-2.6171
1979.214688,-2.6056
1980.212462,-2.6002
1981.213714,-2.6101
1982.214316,-2.6103
1983.215111,-2.5935
1984.213569,-2.6017
1985.211263,-2.5834
1986.212079,-2.5911
1987.211952,-2.6111
1988.213386,-2.607
1989.21619,-2.6008
1990.215594,-2.6248
1991.213375,-2.6068
1992.214257,-2.6143
1993.213408,-2.6044
1994.216086,-2.5883
1995.213153,-2.5874
1996.214862,-2.6032
1997.216164,-2.6035
1998.21349,-2.6158
1999.214406,-2.5973
2000.212787,-2.625
2001.21066,-2.6087
2002.212973,-2.6073
2003.213116,-2.6163
2004.212712,-2.6123
2005.212565,-2.6188
2006.212182,-2.6234
2007.214029,-2.6138
2008.212514,-2.6061
2009.218248,-2.6001
2010.212587,-2.5815
2011.213611,-2.5847
2012.21393,-2.6142
2013.21507,-2.5981
2014.215091,-2.5833
2015.212386,-2.5908
2016.213508,-2.5835
2017.21449,-2.6148
2018.216359,-2.6062
2019.216123,-2.6045
2020.216003,-2.5964
2021.213326,-2.6103
2022.213854,-2.5884
2023.21157,-2.6274
2024.215019,-2.6142
2025.213987,-2.603
2026.211348,-2.5648
2027.212623,-2.5819
2028.21395,-2.6172
2029.213598,-2.5924
2030.213335,-2.5844
2031.216443,-2.5972
2032.214194,-2.5651
2033.214127,-2.6099
2034.215818,-2.5946
2035.215399,-2.5752
2036.215783,-2.5924
2037.215234,-2.5937
2038.217728,-2.5759
2039.217187,-2.6101
2040.21188,-2.601
2041.213428,-2.6029
2042.213468,-2.5964
2043.213685,-2.5916
2044.214256,-2.6093
2045.21377,-2.6077
2046.216505,-2.5898
2047.21583,-2.5828
2048.212436,-2.6148
2049.214332,-2.5884
2050.214097,-2.5803
2051.212903,-2.6053
2052.216651,-2.5934
2053.215397,-2.6005
2054.213295,-2.6001
2055.21596,-2.6051
2056.217406,-2.6019
2057.21324,-2.6036
2058.212119,-2.6059
2059.212903,-2.5847
2060.213679,-2.6019
2061.212152,-2.5849
2062.212897,-2.6005
2063.213735,-2.5843
2064.21524,-2.5799
2065.212658,-2.5898
2066.213022,-2.6023
2067.216406,-2.6109
2068.216134,-2.6262
2069.213447,-2.6038
2070.214452,-2.6086
2071.212767,-2.6209
2072.214996,-2.6104
2073.215608,-2.6117
2074.214149,-2.6046
2075.215008,-2.5908
2076.213349,-2.5767
2077.21463,-2.5825
2078.213936,-2.5965
2079.213115,-2.6099
2080.21376,-2.6172
2081.212783,-2.612
2082.214137,-2.6043
2083.211474,-2.6011
2084.214213,-2.5794
2085.214462,-2.5877
2086.216318,-2.6074
2087.215981,-2.6138
2088.213958,-2.6016
2089.213352,-2.5737
2090.214706,-2.6018
2091.212675,-2.6181
2092.214365,-2.603
2093.214767,-2.6218
2094.214728,-2.6298
2095.214484,-2.5969
2096.214402,-2.5951
2097.21708,-2.5915
2098.215281,-2.6213
2099.217226,-2.606
2100.215873,-2.6002
2101.212584,-2.5975
2102.213438,-2.6009
2103.214913,-2.625
2104.213373,-2.5942
2105.209208,-2.6055
2106.213336,-2.5791
2107.214025,-2.617
2108.21443,-2.5816
2109.214931,-2.5959
2110.213584,-2.6305
2111.216527,-2.5784
2112.214497,-2.5814
2113.211446,-2.6077
2114.216268,-2.5953
2115.215112,-2.6193
2116.214406,-2.5945
2117.217536,-2.6142
2118.21097,-2.6064
2119.21433,-2.6085
2120.213319,-2.5865
2121.214686,-2.5771
2122.212067,-2.5779
2123.212304,-2.5959
2124.209804,-2.591
2125.215388,-2.5827
2126.213257,-2.5908
2127.213689,-2.6172
2128.213578,-2.5988
2129.215755,-2.6085
2130.216179,-2.6049
2131.216806,-2.5801
2132.216171,-2.6052
2133.215184,-2.6106
2134.216702,-2.6009
2135.215844,-2.5899
2136.212608,-2.5936
2137.216146,-2.6076
2138.214559,-2.6219
2139.213996,-2.5974
2140.212804,-2.5754
2141.212867,-2.586
2142.214594,-2.6085
2143.21226,-2.5912
2144.21268,-2.6079
2145.213142,-2.6012
2146.212865,-2.5969
2147.213401,-2.6314
2148.215666,-2.5869
2149.213001,-2.6267
2150.212865,-2.604
2151.212762,-2.599
2152.216152,-2.6046
2153.217958,-2.6137
2154.216022,-2.5692
2155.218988,-2.5777
2156.214488,-2.5989
2157.213439,-2.5875
2158.214593,-2.6164
2159.211682,-2.6024
2160.213867,-2.5984
2161.213993,-2.6079
2162.213934,-2.6005
2163.212566,-2.5798
2164.213033,-2.5886
2165.210741,-2.5894
2166.216585,-2.5865
2167.216134,-2.5943
2168.21536,-2.5907
2169.2191,-2.5909
2170.214934,-2.5869
2171.212709,-2.6227
2172.212365,-2.5969
2173.212739,-2.596
2174.211065,-2.5843
2175.216807,-2.6027
2176.213636,-2.5828
2177.214905,-2.6084
2178.211645,-2.5913
2179.213115,-2.5937
2180.216434,-2.6205
2181.215423,-2.5931
2182.215436,-2.6226
2183.214061,-2.607
2184.215557,-2.6247
2185.213134,-2.5874
2186.216084,-2.6151
2187.213141,-2.5858
2188.214629,-2.5829
2189.214354,-2.5917
2190.213479,-2.5831
2191.214123,-2.5979
2192.212567,-2.5812
2193.21267,-2.6046
2194.212796,-2.5779
2195.212638,-2.6188
2196.212049,-2.6079
2197.211717,-2.6007
2198.21155,-2.616
2199.215043,-2.6278
2200.213889,-2.5925
2201.215134,-2.6271
2202.214951,-2.5836
2203.214403,-2.5943
2204.217562,-2.5904
2205.21203,-2.5876
2206.215008,-2.6029
2207.216136,-2.5896
2208.217122,-2.5936
2209.217907,-2.6049
2210.214248,-2.5966
2211.21165,-2.5925
2212.213923,-2.6057
2213.212264,-2.6226
2214.214616,-2.5918
2215.213782,-2.6156
2216.214154,-2.5843
2217.214927,-2.5793
2218.215134,-2.6172
2219.214113,-2.5877
2220.21371,-2.6119
2221.213911,-2.6038
2222.214517,-2.6233
2223.215558,-2.5956
2224.214093,-2.6055
2225.217405,-2.6053
2226.215731,-2.6039
2227.213661,-2.6086
2228.216083,-2.5872
2229.214942,-2.5845
2230.214187,-2.6034
2231.21552,-2.5919
2232.215431,-2.586
2233.212445,-2.6003
2234.213211,-2.6001
2235.211164,-2.621
2236.212565,-2.6045
2237.21507,-2.605
2238.21622,-2.6053
2239.214167,-2.5698
2240.213363,-2.6046
2241.216138,-2.5973
2242.217843,-2.611
2243.21382,-2.5927
2244.214493,-2.6038
2245.215165,-2.5778
2246.216915,-2.5959
2247.216771,-2.5891
2248.215314,-2.6009
2249.215313,-2.5668
2250.215137,-2.5912
2251.212749,-2.5856
2252.21437,-2.605
2253.209918,-2.5876
2254.213006,-2.5965
2255.217715,-2.5853
2256.216272,-2.5994
2257.21651,-2.616
2258.214918,-2.5974
2259.213351,-2.6156
2260.212987,-2.612
2261.211516,-2.6032
2262.215994,-2.6035
2263.215388,-2.5662
2264.216532,-2.5874
2265.215473,-2.5863
2266.215031,-2.5787
2267.213819,-2.5927
2268.212592,-2.5875
2269.214377,-2.5901
2270.213143,-2.5987
2271.212387,-2.6183
2272.213681,-2.594
2273.212503,-2.6018
2274.215072,-2.5897
2275.21417,-2.6211
2276.212708,-2.6
2277.217302,-2.5686
2278.217114,-2.6137
2279.215875,-2.5927
2280.214661,-2.6011
2281.212992,-2.5806
2282.215921,-2.5805
2283.216228,-2.6164
2284.216505,-2.5837
2285.217588,-2.5816
2286.21595,-2.5774
2287.214601,-2.6018
2288.216351,-2.6012
2289.215021,-2.6017
2290.212763,-2.6159
2291.211999,-2.6221
2292.216392,-2.6067
2293.212082,-2.6106
2294.214858,-2.6022
2295.213539,-2.617
2296.213779,-2.603
2297.214771,-2.6182
2298.21229,-2.6068
2299.214039,-2.6132
2300.216147,-2.5919
2301.214513,-2.6156
2302.217616,-2.6003
2303.21533,-2.6056
2304.215648,-2.6261
2305.215386,-2.5753
2306.213168,-2.6065
2307.214468,-2.6051
2308.212331,-2.6036
2309.21405,-2.5854
2310.216369,-2.6031
2311.211807,-2.602
2312.216457,-2.5823
2313.216142,-2.5686
2314.212203,-2.6118
2315.214092,-2.6006
2316.214857,-2.5914
2317.210705,-2.6009
2318.213075,-2.6002
2319.215651,-2.6217
2320.215962,-2.6216
2321.213534,-2.6
2322.21619,-2.6189
2323.212388,-2.6225
2324.212286,-2.5972
2325.213862,-2.6145
2326.214921,-2.5697
2327.213243,-2.6285
2328.212259,-2.6057
2329.214036,-2.6057
2330.212938,-2.5973
2331.216332,-2.577
2332.21467,-2.6495
2333.213992,-2.6129
2334.2173,-2.6324
2335.218004,-2.5944
2336.213254,-2.6097
2337.215676,-2.5959
2338.213691,-2.5971
2339.214252,-2.6098
2340.215524,-2.6153
2341.213257,-2.5898
2342.215576,-2.5934
2343.215097,-2.6341
2344.215965,-2.5845
2345.217327,-2.6076
2346.212791,-2.5905
2347.213074,-2.597
2348.21349,-2.5838
2349.213479,-2.5784
2350.217037,-2.5782
2351.216791,-2.5667
2352.211379,-2.585
2353.212786,-2.6059
2354.214724,-2.6129
2355.21605,-2.6176
2356.217631,-2.6055
2357.21723,-2.6103
2358.216002,-2.5979
2359.214845,-2.6371
2360.214992,-2.5965
2361.215771,-2.5909
2362.214047,-2.6141
2363.213091,-2.6095
2364.214116,-2.5996
2365.213336,-2.5855
2366.215012,-2.597
2367.214608,-2.6019
2368.214089,-2.6055
2369.213603,-2.5922
2370.216138,-2.5925
2371.215407,-2.5991
2372.216523,-2.6106
2373.212184,-2.596
2374.213652,-2.6261
2375.215407,-2.6007
2376.216563,-2.6105
2377.216655,-2.6333
2378.217537,-2.5998
2379.215626,-2.5874
2380.213547,-2.6043
2381.213919,-2.6063
2382.211695,-2.6161
2383.212911,-2.5911
2384.213233,-2.6038
2385.216302,-2.6105
2386.216174,-2.5955
2387.214,-2.6109
2388.213992,-2.6115
2389.212397,-2.587
2390.215712,-2.6009
2391.214577,-2.6097
2392.214792,-2.5782
2393.216648,-2.5991
2394.213126,-2.6106
2395.213906,-2.5989
2396.212784,-2.5883
2397.2137,-2.5844
2398.214401,-2.5814
2399.213075,-2.6185
2400.214681,-2.5929
2401.213023,-2.6135
2402.214617,-2.5701
2403.214626,-2.5938
2404.214375,-2.6221
2405.215041,-2.6005
2406.213906,-2.5953
2407.214014,-2.618
2408.210508,-2.6092
2409.217091,-2.598
2410.213871,-2.5901
2411.215634,-2.6007
2412.21515,-2.6118
2413.216961,-2.6084
2414.211545,-2.6189
2415.212886,-2.6119
2416.213946,-2.5942
2417.214267,-2.5763
2418.214598,-2.6081
2419.215169,-2.6054
2420.213037,-2.6008
2421.213645,-2.6147
2422.217013,-2.6171
2423.215242,-2.6171
2424.212303,-2.6038
2425.216126,-2.6016
2426.218215,-2.5854
2427.220901,-2.6004
2428.213395,-2.5975
2429.215168,-2.6071
2430.21387,-2.606
2431.214959,-2.5991
2432.213971,-2.6171
2433.213078,-2.5981
2434.214324,-2.6054
2435.21262,-2.6039
2436.214175,-2.6134
2437.213597,-2.595
2438.216006,-2.5876
2439.216785,-2.5905
2440.213483,-2.5834
2441.215213,-2.587
2442.214626,-2.5906
2443.213581,-2.619
2444.217658,-2.6131
2445.215734,-2.6016
2446.215902,-2.5927
2447.214314,-2.6046
2448.216572,-2.6165
2449.214966,-2.6097
2450.214552,-2.611
2451.217559,-2.5878
2452.215712,-2.5741
2453.215212,-2.575
2454.217858,-2.6282
2455.213536,-2.6094
2456.21243,-2.6041
2457.213285,-2.5811
2458.21309,-2.6125
2459.214529,-2.5801
2460.214155,-2.5806
2461.213931,-2.6169
2462.216891,-2.5907
2463.216391,-2.6248
2464.213425,-2.6226
2465.211204,-2.5733
2466.215549,-2.6216
2467.21581,-2.6131
2468.217597,-2.625
2469.215403,-2.5909
2470.217047,-2.6239
2471.218007,-2.6
2472.2137,-2.5926
2473.217826,-2.6138
2474.216763,-2.5676
2475.21329,-2.5816
2476.213977,-2.6215
2477.21298,-2.588
2478.214581,-2.585
2479.213784,-2.612
2480.212391,-2.6149
2481.212485,-2.6063
2482.213262,-2.6082
2483.21365,-2.6129
2484.214403,-2.6444
2485.216919,-2.6142
2486.216818,-2.5985
2487.213534,-2.6055
2488.214441,-2.6021
2489.216232,-2.593
2490.217438,-2.6065
2491.21693,-2.5968
2492.216639,-2.6175
2493.213303,-2.5907
2494.21692,-2.5825
2495.212451,-2.6267
2496.214208,-2.595
2497.214934,-2.603
2498.212355,-2.6076
2499.214796,-2.6073
2500.217504,-2.5997
2501.217045,-2.599
2502.216006,-2.616
2503.214781,-2.5734
2504.213228,-2.5846
2505.215457,-2.6092
2506.217688,-2.5966
2507.215283,-2.6025
2508.217597,-2.5821
2509.216142,-2.5517
2510.216525,-2.5956
2511.215778,-2.6053
2512.217344,-2.6196
2513.212226,-2.6105
2514.214032,-2.5904
2515.214179,-2.5954
2516.214112,-2.6
2517.213574,-2.6009
2518.214753,-2.6248
2519.213935,-2.5736
2520.215045,-2.5915
2521.21493,-2.6057
2522.213559,-2.5971
2523.219134,-2.5702
2524.217622,-2.5912
2525.214943,-2.5781
2526.215824,-2.5964
2527.212774,-2.6115
2528.216409,-2.5881
2529.21528,-2.588
2530.21293,-2.5879
2531.219239,-2.608
2532.218553,-2.5789
2533.216755,-2.608
2534.217073,-2.5868
2535.215561,-2.6125
2536.214502,-2.6067
2537.213018,-2.5971
2538.214698,-2.6126
2539.2123,-2.5712
2540.210619,-2.615
2541.21455,-2.6132
2542.215989,-2.6025
2543.214151,-2.5733
2544.214581,-2.5844
2545.217387,-2.5769
2546.215964,-2.6021
2547.212632,-2.6313
2548.21474,-2.6191
2549.215939,-2.6118
2550.215149,-2.608
2551.215511,-2.6186
2552.21623,-2.6281
2553.217415,-2.5988
2554.217148,-2.6176
2555.213928,-2.6048
2556.216051,-2.5824
2557.214616,-2.6035
2558.214186,-2.598
2559.213522,-2.5891
2560.216385,-2.5999
2561.212278,-2.6042
2562.212355,-2.5963
2563.214673,-2.6118
2564.216204,-2.5967
2565.21306,-2.6078
2566.213452,-2.6106
2567.21598,-2.6234
2568.218531,-2.6036
2569.217375,-2.5941
2570.214698,-2.5944
2571.215222,-2.5914
2572.21508,-2.5986
2573.213321,-2.6264
2574.213018,-2.6007
2575.21299,-2.6147
2576.213006,-2.6198
2577.21095,-2.6216
2578.213198,-2.6256
2579.213134,-2.6166
2580.214043,-2.5711
2581.213914,-2.5991
2582.21221,-2.5934
2583.213025,-2.6029
2584.217774,-2.6191
2585.214685,-2.6077
2586.215738,-2.5707
2587.218815,-2.5993
2588.213225,-2.6054
2589.214177,-2.6233
2590.213547,-2.597
2591.21216,-2.6241
2592.213284,-2.5935
2593.215087,-2.6177
2594.213894,-2.5885
2595.21442,-2.6094
2596.214787,-2.6123
2597.211903,-2.6032
2598.214954,-2.5819
2599.21237,-2.5977
2600.215436,-2.5905
2601.214788,-2.5846
2602.21731,-2.5776
2603.21449,-2.5956
2604.216085,-2.597
2605.213789,-2.6193
2606.2142,-2.5936
2607.212762,-2.5948
2608.2155,-2.5639
2609.21229,-2.5979
2610.215177,-2.6204
2611.211975,-2.5885
2612.217111,-2.5835
2613.212319,-2.5691
2614.214154,-2.6036
2615.212211,-2.6182
2616.21385,-2.6051
2617.213242,-2.5863
2618.214697,-2.6079
2619.214666,-2.5865
2620.214766,-2.6203
2621.215508,-2.5978
2622.214437,-2.6009
2623.210487,-2.5802
2624.213067,-2.5926
2625.212738,-2.5805
2626.21335,-2.5802
2627.215668,-2.5993
2628.215135,-2.5843
2629.213931,-2.6066
2630.213501,-2.614
2631.216344,-2.5875
2632.214938,-2.6131
2633.21653,-2.622
2634.213116,-2.6133
2635.213505,-2.6001
2636.213606,-2.5867
2637.216026,-2.6299
2638.212498,-2.6213
2639.212164,-2.606
2640.213167,-2.5958
2641.213253,-2.5866
2642.212838,-2.579
2643.213502,-2.6053
2644.215688,-2.5918
2645.211568,-2.6275
2646.215215,-2.6109
2647.211079,-2.6183
2648.216906,-2.5914
2649.217391,-2.576
2650.217748,-2.5919
2651.214039,-2.6033
2652.216058,-2.5738
2653.215384,-2.6103
2654.213562,-2.6296
2655.211425,-2.5975
2656.214298,-2.5945
2657.213395,-2.5874
2658.21562,-2.5856
2659.217886,-2.6005
2660.21628,-2.5854
2661.213099,-2.5985
2662.213732,-2.6118
2663.213857,-2.5968
2664.21338,-2.629
2665.214698,-2.6056
2666.215366,-2.619
2667.216032,-2.6138
2668.213262,-2.6008
2669.214966,-2.6103
2670.218417,-2.6213
2671.217141,-2.5889
2672.212707,-2.5883
2673.214534,-2.5784
2674.212902,-2.6102
2675.213257,-2.582
2676.215935,-2.6176
2677.213818,-2.5726
2678.215384,-2.6055
2679.213796,-2.5944
2680.213914,-2.5367
2681.212214,-2.6008
2682.215692,-2.5926
2683.220613,-2.5998
2684.212201,-2.5937
2685.214131,-2.5911
2686.213852,-2.5984
2687.216702,-2.5893
2688.214829,-2.5922
2689.216204,-2.6033
2690.213368,-2.6159
2691.214176,-2.59
2692.211612,-2.5908
2693.215055,-2.6115
2694.212692,-2.6255
2695.214431,-2.5862
2696.213802,-2.5804
2697.216267,-2.6404
2698.213194,-2.6147
2699.213798,-2.6087
2700.213291,-2.6126
2701.212934,-2.5909
2702.216748,-2.5886
2703.215196,-2.6082
2704.215802,-2.5566
2705.217575,-2.5646
2706.219059,-2.6006
2707.213704,-2.6144
2708.214097,-2.6163
2709.213145,-2.6018
2710.213006,-2.6044
2711.212842,-2.6283
2712.213446,-2.6025
2713.213764,-2.6133
2714.213873,-2.6075
2715.212932,-2.6003
2716.215993,-2.5956
2717.216215,-2.5709
2718.214443,-2.6093
2719.21242,-2.5906
2720.212907,-2.5877
2721.215223,-2.5954
2722.213105,-2.5957
2723.214359,-2.5747
2724.214421,-2.6011
2725.214565,-2.5953
2726.21841,-2.5995
2727.21652,-2.5984
2728.217462,-2.5905
2729.215103,-2.6071
2730.213758,-2.5877
2731.213341,-2.6054
2732.214853,-2.6185
2733.21351,-2.6004
2734.2136,-2.5972
2735.21466,-2.5782
2736.213719,-2.6157
2737.214074,-2.6109
2738.216006,-2.6068
2739.216053,-2.6173
2740.212889,-2.5818
2741.214562,-2.5892
2742.212985,-2.6076
2743.213528,-2.6062
2744.214655,-2.6165
2745.211959,-2.6115
2746.215543,-2.6261
2747.218246,-2.5876
2748.215471,-2.5911
2749.215397,-2.6084
2750.213898,-2.6233
2751.216004,-2.6015
2752.217449,-2.6074
2753.213291,-2.5901
2754.213667,-2.5857
2755.215324,-2.5996
2756.213,-2.6143
2757.217296,-2.5829
2758.214723,-2.5516
2759.212502,-2.6065
2760.212821,-2.6066
2761.213527,-2.5968
2762.218027,-2.6061
2763.213161,-2.609
2764.21331,-2.6294
2765.217455,-2.5808
2766.217334,-2.6089
2767.217513,-2.6091
2768.215281,-2.5916
2769.21414,-2.5918
2770.212832,-2.5898
2771.21481,-2.5984
2772.213828,-2.572
2773.213983,-2.6028
2774.213627,-2.6148
2775.215432,-2.5942
2776.215835,-2.6117
2777.215294,-2.5759
2778.214643,-2.6169
2779.215309,-2.5803
2780.213723,-2.5951
2781.212586,-2.5912
2782.216712,-2.5816
2783.213978,-2.6173
2784.215294,-2.5877
2785.220102,-2.584
2786.217335,-2.6112
2787.218102,-2.601
2788.21691,-2.6189
2789.213367,-2.6208
2790.214864,-2.6037
2791.213385,-2.643
2792.2142,-2.5841
2793.21455,-2.6059
2794.215614,-2.6254
2795.216299,-2.6252
2796.216568,-2.6117
2797.215886,-2.5946
2798.212639,-2.6007
2799.21418,-2.5889
2800.217414,-2.6082
2801.218067,-2.6131
2802.217467,-2.5867
2803.216244,-2.5846
2804.21429,-2.5999
2805.217184,-2.5742
2806.21258,-2.6003
2807.216236,-2.597
2808.214052,-2.6154
2809.212754,-2.6238
2810.212592,-2.5979
2811.214004,-2.5943
2812.218357,-2.6208
2813.215643,-2.5701
2814.212049,-2.5702
2815.214875,-2.603
2816.215504,-2.608
2817.216118,-2.6212
2818.21854,-2.6102
2819.217843,-2.5757
2820.216069,-2.5951
2821.217513,-2.5745
2822.218078,-2.5985
2823.217644,-2.5967
2824.216154,-2.5863
2825.217272,-2.6158
2826.215298,-2.5977
2827.213166,-2.5891
2828.214386,-2.6109
2829.213568,-2.637
2830.215156,-2.6419
2831.214643,-2.6348
2832.217369,-2.5928
2833.218908,-2.5912
2834.217267,-2.596
2835.215134,-2.6318
2836.216374,-2.5958
2837.215171,-2.6016
2838.213591,-2.6167
2839.218634,-2.5888
2840.215002,-2.587
2841.215087,-2.6027
2842.216488,-2.6271
2843.2157,-2.6036
2844.214051,-2.6274
2845.213744,-2.6058
2846.213418,-2.6542
2847.217398,-2.5922
2848.215224,-2.6391
2849.215883,-2.5977
2850.21296,-2.5775
2851.220344,-2.6157
2852.217794,-2.6086
2853.215606,-2.6181
2854.214183,-2.6125
2855.213887,-2.6056
2856.213954,-2.5776
2857.215004,-2.6104
2858.215424,-2.6278
2859.219852,-2.6166
2860.214612,-2.6129
2861.214052,-2.6043
2862.216631,-2.6094
2863.213638,-2.6033
2864.214081,-2.5672
2865.212751,-2.6004
2866.215271,-2.559
2867.212052,-2.6078
2868.214349,-2.5601
2869.21666,-2.6128
2870.21438,-2.6187
2871.213665,-2.5933
2872.214484,-2.5849
2873.21516,-2.6047
2874.217289,-2.5838
2875.21516,-2.6082
2876.213945,-2.5892
2877.215727,-2.6111
2878.216083,-2.6024
2879.212113,-2.5924
2880.211228,-2.5821
2881.210927,-2.6105
2882.213125,-2.5825
2883.213991,-2.5639
2884.211085,-2.6069
2885.214533,-2.6183
2886.214842,-2.5916
2887.213537,-2.6111
2888.215849,-2.6083
2889.216508,-2.5881
2890.216938,-2.573
2891.214025,-2.6102
2892.213783,-2.5879
2893.215542,-2.6038
2894.217041,-2.5984
2895.215104,-2.5896
2896.212899,-2.5965
2897.214276,-2.5643
2898.21453,-2.5939
2899.213593,-2.5979
2900.214475,-2.625
2901.213868,-2.5899
2902.212914,-2.5718
2903.212696,-2.5919
2904.216905,-2.5884
2905.217359,-2.6103
2906.212949,-2.6022
2907.213839,-2.6156
2908.213032,-2.5826
2909.213145,-2.5683
2910.213913,-2.6427
2911.217898,-2.6011
2912.215135,-2.5921
2913.216455,-2.6019
2914.216602,-2.5866
2915.215474,-2.6185
2916.21611,-2.6218
2917.215971,-2.6083
2918.214327,-2.6045
2919.213109,-2.6106
2920.215661,-2.5835
2921.21243,-2.6029
2922.212806,-2.5823
2923.214139,-2.6097
2924.216611,-2.5855
2925.217046,-2.6068
2926.217451,-2.6099
2927.21524,-2.5989
2928.209968,-2.6127
2929.215288,-2.5974
2930.215481,-2.5846
2931.216269,-2.598
2932.216319,-2.5711
2933.215327,-2.5981
2934.218582,-2.5888
2935.215093,-2.5831
2936.215847,-2.6316
2937.211322,-2.6012
2938.213572,-2.5841
2939.214326,-2.6026
2940.213951,-2.6264
2941.214353,-2.6031
2942.214215,-2.5992
2943.217728,-2.5774
2944.216398,-2.5992
2945.213686,-2.6158
2946.213726,-2.6023
2947.214459,-2.5877
2948.215568,-2.6126
2949.215385,-2.6158
2950.218397,-2.5652
2951.215008,-2.626
2952.215424,-2.5923
2953.215329,-2.5867
2954.214924,-2.5758
2955.220362,-2.5803
2956.217074,-2.6098
2957.212933,-2.594
2958.214585,-2.5889
2959.214006,-2.6168
2960.215185,-2.6109
2961.214596,-2.6192
2962.2152,-2.5931
2963.214703,-2.5976
2964.213566,-2.597
2965.214171,-2.607
2966.214272,-2.5796
2967.216588,-2.5714
2968.217083,-2.5991
2969.213582,-2.6127
2970.214603,-2.6223
2971.21542,-2.5915
2972.218727,-2.6083
2973.215815,-2.6073
2974.216844,-2.6167
2975.214931,-2.5908
2976.218663,-2.6271
2977.213118,-2.6065
2978.214411,-2.5895
2979.21534,-2.5789
2980.213856,-2.6006
2981.218277,-2.5909
2982.215063,-2.6474
2983.214227,-2.6186
2984.215096,-2.6123
2985.213183,-2.6198
2986.212485,-2.6251
2987.217422,-2.6142
2988.215954,-2.6095
2989.21927,-2.6151
2990.215992,-2.6171
2991.219534,-2.5909
2992.215972,-2.613
2993.218489,-2.614
2994.21422,-2.6096
2995.217023,-2.6105
2996.214945,-2.5808
2997.213784,-2.5944
2998.215198,-2.6142
2999.213529,-2.6029
3000.215085,-2.622
3001.215886,-2.6196
3002.216545,-2.581
3003.213412,-2.6017
3004.216918,-2.6077
3005.217953,-2.5866
3006.211863,-2.6112
3007.218559,-2.6205
3008.216376,-2.6101
3009.217158,-2.5804
3010.214838,-2.6082
3011.214514,-2.6423
3012.214054,-2.5782
3013.214836,-2.6295
3014.214212,-2.556
3015.214941,-2.5914
3016.215429,-2.6017
3017.216497,-2.5987
3018.214179,-2.6174
3019.216331,-2.5668
3020.213633,-2.6448
3021.215628,-2.5946
3022.218143,-2.5995
3023.213917,-2.588
3024.217963,-2.6097
3025.218367,-2.6269
3026.214743,-2.5791
3027.217485,-2.6152
3028.214569,-2.5721
3029.215393,-2.5756
3030.213627,-2.6263
3031.214464,-2.5869
3032.214918,-2.6186
3033.213768,-2.6233
3034.216955,-2.5899
3035.218683,-2.6287
3036.216481,-2.5807
3037.213994,-2.6
3038.216445,-2.6226
3039.219293,-2.6041
3040.217639,-2.6114
3041.217451,-2.6296
