"time","singleCell.calculator.SOC","meter.v"
0,1,3.301381552826907
1,0.9994658119658119,3.299581874802547
2,0.9989316239316239,3.297768501252004
3,0.9983974358974359,3.295917353764504
4,0.9978632478632479,3.29401624751918
5,0.9973290598290598,3.292053024613586
6,0.9967948717948718,3.290015527145274
7,0.9962606837606838,3.2878915972118
8,0.9957264957264957,3.285669076910715
9,0.9951923076923077,3.283344291623591
10,0.9946581196581197,3.280982879658609
11,0.9941239316239316,3.278598728206178
12,0.9935897435897436,3.276188714387725
13,0.9930555555555556,3.273749715324679
14,0.9925213675213674,3.271278608138466
15,0.9919871794871794,3.268772269950515
16,0.9914529914529914,3.266227577882252
17,0.9909188034188033,3.26365739678418
18,0.9903846153846153,3.261086831438607
19,0.9898504273504273,3.258516266093033
20,0.9893162393162392,3.255945700747459
21,0.9887820512820512,3.253375135401884
22,0.9882478632478632,3.25080457005631
23,0.9877136752136751,3.248234004710736
24,0.9871794871794871,3.245663439365161
25,0.9866452991452991,3.243092874019586
26,0.986111111111111,3.240522308674011
27,0.985576923076923,3.237951743328436
28,0.985042735042735,3.235381177982861
29,0.984508547008547,3.232810612637285
30,0.9839743589743589,3.230240047291709
31,0.9834401709401709,3.227669481946133
32,0.9829059829059829,3.225064526981946
33,0.9823717948717948,3.222365935648917
34,0.9818376068376068,3.219606462466496
35,0.9813034188034188,3.216822188835103
36,0.9807692307692307,3.214049196155163
37,0.9802350427350427,3.211323565827096
38,0.9797008547008547,3.208681379251325
39,0.9791666666666666,3.206154924365121
40,0.9786324786324786,3.20366999153594
41,0.9780982905982906,3.201185058706761
42,0.9775641025641025,3.198700125877582
43,0.9770299145299145,3.196215193048404
44,0.9764957264957265,3.193730260219226
45,0.9759615384615384,3.191245327390048
46,0.9754273504273503,3.188760394560868
47,0.9748931623931624,3.186275461731689
48,0.9743589743589743,3.183790528902508
49,0.9738247863247863,3.181305596073326
50,0.9732905982905983,3.178820663244144
51,0.9727564102564102,3.176335730414963
52,0.9722222222222221,3.173850797585781
53,0.9716880341880341,3.171365864756601
54,0.971153846153846,3.168881791162201
55,0.970619658119658,3.166456084973917
56,0.97008547008547,3.164115019821738
57,0.9695512820512819,3.161846636053625
58,0.9690170940170939,3.159638974017536
59,0.9684829059829059,3.157480074061433
60,0.9679487179487178,3.155357976533275
61,0.9674145299145298,3.153260721781022
62,0.9668803418803418,3.151175395875956
63,0.9663461538461537,3.149090969932428
64,0.9658119658119657,3.147006659498866
65,0.9652777777777777,3.144922490064898
66,0.9647435897435896,3.142838487120156
67,0.9642094017094016,3.140754676154269
68,0.9636752136752136,3.138671082656868
69,0.9631410256410255,3.136587732117582
70,0.9626068376068375,3.134504640144023
71,0.9620726495726495,3.132421656759127
72,0.9615384615384615,3.130338720666535
73,0.9610042735042734,3.128255828166768
74,0.9604700854700854,3.126172975560346
75,0.9599358974358974,3.124090159147789
76,0.9594017094017093,3.122007375229618
77,0.9588675213675213,3.119924620106352
78,0.9583333333333333,3.117841890078512
79,0.9577991452991452,3.115758830136368
80,0.9572649572649572,3.113668461333516
81,0.9567307692307692,3.111572970853899
82,0.9561965811965811,3.109478901534241
83,0.9556623931623931,3.107392796211269
84,0.9551282051282051,3.105321197721707
85,0.954594017094017,3.10327064890228
86,0.954059829059829,3.101247692589714
87,0.953525641025641,3.099258871620734
88,0.9529914529914529,3.097310869312302
89,0.9524572649572649,3.095411964893125
90,0.9519230769230769,3.093557130227332
91,0.9513888888888888,3.091736682416512
92,0.9508547008547008,3.089940938562251
93,0.9503205128205128,3.08816021576614
94,0.9497863247863247,3.086384831129765
95,0.9492521367521367,3.084605101754715
96,0.9487179487179487,3.082811344742578
97,0.9481837606837606,3.080993953661667
98,0.9476495726495726,3.079152300947132
99,0.9471153846153846,3.077294429498199
100,0.9465811965811965,3.075426995631038
101,0.9460470085470085,3.073556655661817
102,0.9455128205128205,3.071690065906705
103,0.9449786324786325,3.069833882681873
104,0.9444444444444444,3.067994762303488
105,0.9439102564102564,3.066179361087722
106,0.9433760683760684,3.064394479927496
107,0.9428418803418803,3.062670870944122
108,0.9423076923076923,3.061019838149291
109,0.9417735042735043,3.059429393215328
110,0.9412393162393162,3.057887547814556
111,0.9407051282051282,3.056382313619299
112,0.9401709401709402,3.054901702301879
113,0.9396367521367521,3.053433725534621
114,0.9391025641025641,3.051966394989849
115,0.9385683760683761,3.050487731028112
116,0.938034188034188,3.049001415273906
117,0.9375,3.047518786181374
118,0.936965811965812,3.046041296471909
119,0.9364316239316239,3.044570398866907
120,0.9358974358974359,3.043107546087763
121,0.9353632478632479,3.041654190855874
122,0.9348290598290598,3.040211785892633
123,0.9342948717948718,3.038781783919435
124,0.9337606837606838,3.037365637657678
125,0.9332264957264956,3.03596305345522
126,0.9326923076923076,3.034574981228582
127,0.9321581196581196,3.03320505480966
128,0.9316239316239315,3.031856909342923
129,0.9310897435897435,3.03053417997284
130,0.9305555555555555,3.02924050184388
131,0.9300213675213674,3.027979510100513
132,0.9294871794871794,3.026754839887207
133,0.9289529914529914,3.025570126348432
134,0.9284188034188033,3.024414285931067
135,0.9278846153846153,3.023268239256307
136,0.9273504273504273,3.022130402850282
137,0.9268162393162392,3.020999283571744
138,0.9262820512820512,3.019873388279444
139,0.9257478632478632,3.018751223832135
140,0.9252136752136751,3.017631297088568
141,0.9246794871794871,3.016512114907493
142,0.9241452991452991,3.015392184147664
143,0.923611111111111,3.014270694068979
144,0.923076923076923,3.013149312461052
145,0.922542735042735,3.012030095461953
146,0.922008547008547,3.010915094669028
147,0.9214743589743589,3.009806361679624
148,0.9209401709401709,3.008705948091086
149,0.9204059829059829,3.00761590550076
150,0.9198717948717948,3.006538285505992
151,0.9193376068376068,3.005475139704128
152,0.9188034188034188,3.004463377359075
153,0.9182692307692307,3.003560342980552
154,0.9177350427350427,3.002751446969797
155,0.9172008547008547,3.002020493353693
156,0.9166666666666666,3.001351286159122
157,0.9161324786324786,3.000727629412967
158,0.9155982905982906,3.000133327142112
159,0.9150641025641025,2.999552183373439
160,0.9145299145299145,2.998968002133831
161,0.9139957264957265,2.998374622193999
162,0.9134615384615384,2.997789242483769
163,0.9129273504273504,2.997217599671672
164,0.9123931623931624,2.996664805401254
165,0.9118589743589743,2.996135971316059
166,0.9113247863247863,2.995636209059635
167,0.9107905982905983,2.995170630275525
168,0.9102564102564102,2.994744346607278
169,0.9097222222222222,2.994362469698438
170,0.9091880341880342,2.994022897199363
171,0.9086538461538461,2.993710470017619
172,0.9081196581196581,2.993426111615974
173,0.9075854700854701,2.993171655656039
174,0.907051282051282,2.992948935799423
175,0.906517094017094,2.992759785707739
176,0.905982905982906,2.992606039042595
177,0.905448717948718,2.992489529465602
178,0.9049145299145299,2.99241209063837
179,0.9043803418803419,2.992365812473461
180,0.9038461538461539,2.992322793752621
181,0.9033119658119658,2.992282053827459
182,0.9027777777777777,2.992244586308951
183,0.9022435897435896,2.992211384808072
184,0.9017094017094016,2.992183442935799
185,0.9011752136752136,2.992161754303107
186,0.9006410256410257,2.992147312520972
187,0.9001068376068376,2.992141111200371
188,0.8995726495726496,2.992142107339081
189,0.8990384615384616,2.992143701258416
190,0.8985042735042735,2.992145295177751
191,0.8979700854700855,2.992146889097086
192,0.8974358974358975,2.99214848301642
193,0.8969017094017094,2.992150076935755
194,0.8963675213675214,2.99215167085509
195,0.8958333333333334,2.992153264774425
196,0.8952991452991453,2.992154858693759
197,0.8947649572649573,2.992156452613094
198,0.8942307692307693,2.992158046532429
199,0.8936965811965812,2.992159640451764
200,0.8931623931623932,2.992161234371099
201,0.8926282051282052,2.992162828290434
202,0.8920940170940171,2.992164422209768
203,0.8915598290598291,2.992166016129103
204,0.8910256410256411,2.992167610048438
205,0.890491452991453,2.992169203967773
206,0.8899572649572649,2.992170797887108
207,0.889423076923077,2.992172391806443
208,0.8888888888888888,2.992173985725779
209,0.8883547008547008,2.992175579645115
210,0.8878205128205128,2.992177173564452
211,0.8872863247863247,2.992178767483788
212,0.8867521367521367,2.992180361403124
213,0.8862179487179487,2.99218195532246
214,0.8856837606837606,2.992183549241795
215,0.8851495726495726,2.992185143161131
216,0.8846153846153846,2.992186737080465
217,0.8840811965811965,2.9921883309998
218,0.8835470085470085,2.992189924919135
219,0.8830128205128205,2.99219151883847
220,0.8824786324786325,2.992193112757804
221,0.8819444444444444,2.992194706677139
222,0.8814102564102564,2.992196300596474
223,0.8808760683760684,2.992197894515809
224,0.8803418803418803,2.992199488435143
225,0.8798076923076923,2.992201082354478
226,0.8792735042735043,2.992202676273813
227,0.8787393162393162,2.992204270193148
228,0.8782051282051282,2.992205864112483
229,0.8776709401709402,2.992207458031817
230,0.8771367521367521,2.992209051951152
231,0.8766025641025641,2.992210645870487
232,0.8760683760683761,2.992212239789822
233,0.875534188034188,2.992213833709156
234,0.875,2.992215427628491
235,0.874465811965812,2.992217021547826
236,0.8739316239316239,2.992218615467161
237,0.8733974358974359,2.992220209386495
238,0.8728632478632479,2.99222180330583
239,0.8723290598290598,2.992223397225165
240,0.8717948717948718,2.9922249911445
241,0.8712606837606838,2.992226585063834
242,0.8707264957264957,2.992228178983169
243,0.8701923076923077,2.992229772902504
244,0.8696581196581197,2.992231366821839
245,0.8691239316239316,2.992232960741174
246,0.8685897435897436,2.992234554660508
247,0.8680555555555556,2.992236148579843
248,0.8675213675213675,2.992237742499178
249,0.8669871794871795,2.992239336418513
250,0.8664529914529915,2.992240930337847
251,0.8659188034188035,2.992242524257182
252,0.8653846153846154,2.992244118176517
253,0.8648504273504274,2.992245712095853
254,0.8643162393162394,2.99224730601519
255,0.8637820512820513,2.992248899934526
256,0.8632478632478633,2.992250493853862
257,0.8627136752136753,2.992252087773199
258,0.8621794871794872,2.992253681692534
259,0.8616452991452992,2.99225527561187
260,0.8611111111111112,2.992256869531205
261,0.8605769230769231,2.99225846345054
262,0.8600427350427351,2.992260057369875
263,0.8595085470085471,2.99226165128921
264,0.858974358974359,2.992263245208544
265,0.858440170940171,2.992264839127879
266,0.857905982905983,2.992266433047214
267,0.8573717948717949,2.992268026966549
268,0.8568376068376069,2.992269620885883
269,0.8563034188034189,2.992271214805218
270,0.8557692307692307,2.992272808724553
271,0.8552350427350428,2.992274402643888
272,0.8547008547008547,2.992275996563222
273,0.8541666666666666,2.992277590482557
274,0.8536324786324786,2.992279184401892
275,0.8530982905982906,2.992280778321227
276,0.8525641025641025,2.992282372240561
277,0.8520299145299145,2.992283966159896
278,0.8514957264957265,2.992285560079231
279,0.8509615384615384,2.992287153998566
280,0.8504273504273504,2.992288747917901
281,0.8498931623931624,2.992290341837236
282,0.8493589743589743,2.99229193575657
283,0.8488247863247863,2.992293529675905
284,0.8482905982905983,2.99229512359524
285,0.8477564102564102,2.992296717514574
286,0.8472222222222222,2.99229831143391
287,0.8466880341880342,2.992299905353244
288,0.8461538461538461,2.992301499272579
289,0.8456196581196581,2.992303093191914
290,0.8450854700854701,2.992304687111249
291,0.844551282051282,2.992306281030583
292,0.844017094017094,2.992307874949918
293,0.843482905982906,2.992309468869253
294,0.842948717948718,2.992311062788588
295,0.8424145299145299,2.992312656707922
296,0.8418803418803419,2.992314250627257
297,0.8413461538461539,2.992315844546592
298,0.8408119658119658,2.992317438465928
299,0.8402777777777778,2.992319032385264
300,0.8397435897435898,2.9923206263046
301,0.8392094017094017,2.992322220223937
302,0.8386752136752137,2.992323814143273
303,0.8381410256410257,2.992325408062609
304,0.8376068376068376,2.992327001981945
305,0.8370726495726496,2.99232859590128
306,0.8365384615384616,2.992330189820615
307,0.8360042735042735,2.99233178373995
308,0.8354700854700855,2.992333377659285
309,0.8349358974358975,2.992334971578619
310,0.8344017094017094,2.992336565497954
311,0.8338675213675214,2.992338159417289
312,0.8333333333333334,2.992339753336624
313,0.8327991452991453,2.992341347255958
314,0.8322649572649573,2.992342941175293
315,0.8317307692307693,2.992344535094628
316,0.8311965811965812,2.992346129013963
317,0.8306623931623932,2.992347722933297
318,0.8301282051282052,2.992349316852632
319,0.8295940170940171,2.992350910771967
320,0.8290598290598291,2.992352504691302
321,0.8285256410256411,2.992354098610636
322,0.827991452991453,2.992355692529971
323,0.827457264957265,2.992357286449306
324,0.8269230769230769,2.992358880368641
325,0.8263888888888888,2.992360474287976
326,0.8258547008547008,2.99236206820731
327,0.8253205128205128,2.992363662126645
328,0.8247863247863247,2.99236525604598
329,0.8242521367521367,2.992366849965315
330,0.8237179487179487,2.99236844388465
331,0.8231837606837606,2.992370037803985
332,0.8226495726495726,2.992371631723319
333,0.8221153846153846,2.992373225642654
334,0.8215811965811965,2.992374819561989
335,0.8210470085470085,2.992376413481324
336,0.8205128205128205,2.992378007400658
337,0.8199786324786325,2.992379601319993
338,0.8194444444444444,2.992381195239328
339,0.8189102564102564,2.992382789158663
340,0.8183760683760684,2.992384383077997
341,0.8178418803418803,2.992385976997332
342,0.8173076923076923,2.992387570916667
343,0.8167735042735043,2.992389164836003
344,0.8162393162393162,2.992390758755339
345,0.8157051282051282,2.992392352674675
346,0.8151709401709402,2.992393946594011
347,0.8146367521367521,2.992395540513348
348,0.8141025641025641,2.992397134432684
349,0.8135683760683761,2.99239872835202
350,0.813034188034188,2.992400322271355
351,0.8125,2.99240191619069
352,0.811965811965812,2.992403510110025
353,0.8114316239316239,2.99240510402936
354,0.8108974358974359,2.992406697948694
355,0.8103632478632479,2.992408291868029
356,0.8098290598290598,2.992409885787364
357,0.8092948717948718,2.992411479706699
358,0.8087606837606838,2.992413073626033
359,0.8082264957264957,2.992414667545368
360,0.8076923076923077,2.992416261464703
361,0.8071581196581197,2.992417855384038
362,0.8066239316239316,2.992419449303373
363,0.8060897435897436,2.992421043222707
364,0.8055555555555556,2.992422637142042
365,0.8050213675213675,2.992424231061377
366,0.8044871794871795,2.992425824980712
367,0.8039529914529915,2.992427418900046
368,0.8034188034188035,2.992429012819381
369,0.8028846153846154,2.992424024945677
370,0.8023504273504274,2.992398860139524
371,0.8018162393162394,2.992356257533183
372,0.8012820512820513,2.992299618087034
373,0.8007478632478633,2.992232342761452
374,0.8002136752136753,2.992157832516816
375,0.7996794871794872,2.992079488313502
376,0.7991452991452992,2.992000711111889
377,0.7986111111111112,2.991924901872355
378,0.7980769230769231,2.991850092450924
379,0.7975427350427351,2.991763863009204
380,0.7970085470085471,2.991666280152157
381,0.796474358974359,2.99155819404658
382,0.795940170940171,2.991440454859267
383,0.795405982905983,2.991313912757016
384,0.7948717948717949,2.991179417906621
385,0.7943376068376069,2.991037820474879
386,0.7938034188034189,2.990889970628584
387,0.7932692307692308,2.990708845204959
388,0.7927350427350427,2.990421714764406
389,0.7922008547008548,2.99005342868674
390,0.7916666666666667,2.989635857304798
391,0.7911324786324786,2.989200870951421
392,0.7905982905982906,2.988780339959448
393,0.7900641025641026,2.988406134661721
394,0.7895299145299145,2.988110125391077
395,0.7889957264957265,2.987924182480358
396,0.7884615384615384,2.987850346850409
397,0.7879273504273504,2.987795666463412
398,0.7873931623931624,2.987749983197677
399,0.7868589743589743,2.987712750381107
400,0.7863247863247863,2.987683421341601
401,0.7857905982905983,2.987661449407061
402,0.7852564102564102,2.987646287905387
403,0.7847222222222222,2.987637390164481
404,0.7841880341880342,2.987634209512243
405,0.7836538461538461,2.987635371382698
406,0.7831196581196581,2.987636965302033
407,0.7825854700854701,2.987638559221367
408,0.782051282051282,2.987640153140703
409,0.781517094017094,2.987641747060037
410,0.780982905982906,2.987643340979372
411,0.780448717948718,2.987644934898707
412,0.7799145299145299,2.987646528818042
413,0.7793803418803419,2.987648122737376
414,0.7788461538461539,2.987649716656711
415,0.7783119658119658,2.987651310576046
416,0.7777777777777778,2.987652904495381
417,0.7772435897435898,2.987654498414715
418,0.7767094017094017,2.98765609233405
419,0.7761752136752137,2.987657686253385
420,0.7756410256410257,2.98765928017272
421,0.7751068376068376,2.987660874092054
422,0.7745726495726496,2.987662468011389
423,0.7740384615384616,2.987666279365952
424,0.7735042735042735,2.987683420807123
425,0.7729700854700855,2.98771012736941
426,0.7724358974358975,2.987740096678914
427,0.7719017094017094,2.987767026361738
428,0.7713675213675214,2.987784614043982
429,0.7708333333333334,2.987786557351749
430,0.7702991452991453,2.987766553911142
431,0.7697649572649573,2.987718301348261
432,0.7692307692307693,2.987639337623849
433,0.7686965811965811,2.98755366501511
434,0.7681623931623932,2.987466815918712
435,0.7676282051282052,2.987379047394797
436,0.767094017094017,2.987290616503506
437,0.766559829059829,2.987201780304981
438,0.7660256410256411,2.987112795859364
439,0.7654914529914529,2.987023920226795
440,0.7649572649572649,2.986935410467415
441,0.7644230769230769,2.986847456065249
442,0.7638888888888888,2.986759628378266
443,0.7633547008547008,2.986671800691285
444,0.7628205128205128,2.986583973004303
445,0.7622863247863247,2.986496145317321
446,0.7617521367521367,2.986408317630339
447,0.7612179487179487,2.986320489943358
448,0.7606837606837606,2.986232662256376
449,0.7601495726495726,2.986144834569394
450,0.7596153846153846,2.986055504844751
451,0.7590811965811965,2.985949107010863
452,0.7585470085470085,2.985824114677443
453,0.7580128205128205,2.985683806907934
454,0.7574786324786325,2.985531462765779
455,0.7569444444444444,2.985370361314423
456,0.7564102564102564,2.985203781617309
457,0.7558760683760684,2.98503500273788
458,0.7553418803418803,2.984867303739582
459,0.7548076923076923,2.984700675160627
460,0.7542735042735043,2.984495926173873
461,0.7537393162393162,2.984253493388192
462,0.7532051282051282,2.983989770628897
463,0.7526709401709402,2.9837211517213
464,0.7521367521367521,2.983464030490711
465,0.7516025641025641,2.983234800762442
466,0.7510683760683761,2.983049856361805
467,0.750534188034188,2.982925591114112
468,0.75,2.982874994890477
469,0.749465811965812,2.982846780723127
470,0.7489316239316239,2.982818566555777
471,0.7483974358974359,2.98279035238843
472,0.7478632478632479,2.982762138221082
473,0.7473290598290598,2.982733924053735
474,0.7467948717948718,2.982705709886388
475,0.7462606837606838,2.98267749571904
476,0.7457264957264957,2.982649281551693
477,0.7451923076923077,2.982621067384344
478,0.7446581196581197,2.982592853216995
479,0.7441239316239316,2.982564639049647
480,0.7435897435897436,2.982536424882299
481,0.7430555555555556,2.982508210714951
482,0.7425213675213675,2.982479996547601
483,0.7419871794871795,2.982451782380252
484,0.7414529914529915,2.982423568212902
485,0.7409188034188035,2.982395354045551
486,0.7403846153846154,2.982366425980953
487,0.7398504273504274,2.982311596188235
488,0.7393162393162394,2.982223665788648
489,0.7387820512820513,2.982109922015132
490,0.7382478632478633,2.981977652100627
491,0.7377136752136753,2.981834143278074
492,0.7371794871794872,2.981686682780414
493,0.7366452991452992,2.981542557840588
494,0.7361111111111112,2.981409055691537
495,0.7355769230769231,2.981293344666261
496,0.7350427350427351,2.981193134699129
497,0.7345085470085471,2.981102506127048
498,0.733974358974359,2.981018689925197
499,0.733440170940171,2.980938917068753
500,0.7329059829059829,2.980860418532898
501,0.7323717948717949,2.980780425292808
502,0.7318376068376069,2.980696168323664
503,0.7313034188034188,2.980604878600644
504,0.7307692307692307,2.980503237293528
505,0.7302350427350428,2.980326559922648
506,0.7297008547008547,2.980053925967557
507,0.7291666666666666,2.979716809051157
508,0.7286324786324786,2.979346682796346
509,0.7280982905982907,2.978975020826026
510,0.7275641025641025,2.978633296763097
511,0.7270299145299145,2.978352984230457
512,0.7264957264957265,2.978165556851009
513,0.7259615384615384,2.978102281766694
514,0.7254273504273504,2.978103875686029
515,0.7248931623931624,2.978105469605364
516,0.7243589743589743,2.978107063524699
517,0.7238247863247863,2.978108657444034
518,0.7232905982905983,2.978110251363368
519,0.7227564102564102,2.978111845282703
520,0.7222222222222222,2.978113439202038
521,0.7216880341880342,2.978115033121373
522,0.7211538461538461,2.978116627040708
523,0.7206196581196581,2.978118220960043
524,0.7200854700854701,2.978119814879377
525,0.719551282051282,2.978121408798712
526,0.719017094017094,2.978123002718047
527,0.718482905982906,2.978124596637381
528,0.717948717948718,2.978126190556716
529,0.7174145299145299,2.978127784476051
530,0.7168803418803419,2.978129378395386
531,0.7163461538461539,2.97813097231472
532,0.7158119658119658,2.978134062995445
533,0.7152777777777778,2.978138033995231
534,0.7147435897435898,2.978139244032037
535,0.7142094017094017,2.978134048876647
536,0.7136752136752137,2.97811880429984
537,0.7131410256410257,2.978089866072401
538,0.7126068376068376,2.978043589965111
539,0.7120726495726496,2.977976331748752
540,0.7115384615384616,2.977884447194105
541,0.7110042735042735,2.977745561053978
542,0.7104700854700855,2.977541629630764
543,0.7099358974358975,2.977286835264193
544,0.7094017094017094,2.976995523827782
545,0.7088675213675214,2.976682041195047
546,0.7083333333333334,2.976360733239506
547,0.7077991452991453,2.976045945834673
548,0.7072649572649573,2.975752024854067
549,0.7067307692307692,2.975493316171204
550,0.7061965811965812,2.975262082909049
551,0.7056623931623932,2.975030586689948
552,0.7051282051282051,2.974801090406936
553,0.704594017094017,2.974576284129812
554,0.7040598290598291,2.974358857928375
555,0.703525641025641,2.974151501872424
556,0.7029914529914529,2.97395690603176
557,0.7024572649572649,2.97377776047618
558,0.7019230769230769,2.973616755275484
559,0.7013888888888888,2.973484182247228
560,0.7008547008547008,2.973390458724489
561,0.7003205128205128,2.973327062513773
562,0.6997863247863247,2.973285092172523
563,0.6992521367521367,2.973255646258182
564,0.6987179487179487,2.973229823328194
565,0.6981837606837606,2.973198721940002
566,0.6976495726495726,2.97315344065105
567,0.6971153846153846,2.973085078018782
568,0.6965811965811965,2.972992949992249
569,0.6960470085470085,2.972890118285326
570,0.6955128205128205,2.972775991034322
571,0.6949786324786325,2.972649418422713
572,0.6944444444444444,2.972509250633977
573,0.6939102564102564,2.97235433785159
574,0.6933760683760684,2.97218353025903
575,0.6928418803418803,2.971995678039774
576,0.6923076923076923,2.971789631377299
577,0.6917735042735043,2.971539091317935
578,0.6912393162393162,2.971192420098401
579,0.6907051282051282,2.970771013596262
580,0.6901709401709402,2.970299661325503
581,0.6896367521367521,2.96980315280011
582,0.6891025641025641,2.969306277534066
583,0.6885683760683761,2.968833825041356
584,0.688034188034188,2.968410584835966
585,0.6875,2.96806134643188
586,0.686965811965812,2.967799071460997
587,0.6864316239316239,2.967594516747075
588,0.6858974358974359,2.96743094395315
589,0.6853632478632479,2.967293289374745
590,0.6848290598290598,2.967166489307382
591,0.6842948717948718,2.967035480046586
592,0.6837606837606838,2.966885197887879
593,0.6832264957264957,2.966700579126786
594,0.6826923076923077,2.96646656005883
595,0.6821581196581197,2.966173418753021
596,0.6816239316239316,2.96583661957121
597,0.6810897435897436,2.965468772649945
598,0.6805555555555556,2.965081476417582
599,0.6800213675213675,2.964686329302475
600,0.6794871794871795,2.964294929732981
601,0.6789529914529915,2.963918876137455
602,0.6784188034188035,2.963569766944252
603,0.6778846153846154,2.963259200581728
604,0.6773504273504274,2.962994886417583
605,0.6768162393162394,2.962764237241018
606,0.6762820512820513,2.962558076465216
607,0.6757478632478633,2.962368390616051
608,0.6752136752136753,2.962187166219396
609,0.6746794871794872,2.962006389801126
610,0.6741452991452992,2.961818047887115
611,0.6736111111111112,2.961614127003237
612,0.6730769230769231,2.961386613675367
613,0.6725427350427351,2.961124058956516
614,0.6720085470085471,2.96081145253162
615,0.6714743589743589,2.960461190820966
616,0.670940170940171,2.960088571000482
617,0.6704059829059829,2.959708890246099
618,0.6698717948717948,2.959337445733746
619,0.6693376068376068,2.958989534639355
620,0.6688034188034188,2.958680454138854
621,0.6682692307692307,2.958425501408173
622,0.6677350427350427,2.958234206688638
623,0.6672008547008547,2.958080459789879
624,0.6666666666666666,2.95795281463764
625,0.6661324786324786,2.957844130195747
626,0.6655982905982906,2.957747265428025
627,0.6650641025641025,2.957655079298297
628,0.6645299145299145,2.95756043077039
629,0.6639957264957265,2.957456178808127
630,0.6634615384615384,2.957335182375334
631,0.6629273504273504,2.957193329966082
632,0.6623931623931624,2.957045985855213
633,0.6618589743589743,2.956894767249929
634,0.6613247863247863,2.956737633989688
635,0.6607905982905983,2.956572545913953
636,0.6602564102564102,2.956397462862184
637,0.6597222222222222,2.956210344673842
638,0.6591880341880342,2.956009151188388
639,0.6586538461538461,2.955791842245282
640,0.6581196581196581,2.955547826627061
641,0.6575854700854701,2.955213715675483
642,0.657051282051282,2.954798344267817
643,0.656517094017094,2.954327931746889
644,0.655982905982906,2.953828697455528
645,0.655448717948718,2.953326860736559
646,0.6549145299145299,2.952848640932813
647,0.6543803418803419,2.952420257387113
648,0.6538461538461539,2.95206792944229
649,0.6533119658119658,2.951809178950298
650,0.6527777777777778,2.951572332942523
651,0.6522435897435898,2.951335486934749
652,0.6517094017094017,2.951098640926974
653,0.6511752136752137,2.9508617949192
654,0.6506410256410257,2.950624948911425
655,0.6501068376068376,2.950388102903652
656,0.6495726495726496,2.950151256895878
657,0.6490384615384616,2.949914410888105
658,0.6485042735042735,2.949677564880331
659,0.6479700854700855,2.949440718872558
660,0.6474358974358975,2.949203872864785
661,0.6469017094017094,2.948967026857012
662,0.6463675213675214,2.948730180849239
663,0.6458333333333334,2.948493334841466
664,0.6452991452991453,2.948256488833693
665,0.6447649572649573,2.94801964282592
666,0.6442307692307693,2.947782796818147
667,0.6436965811965812,2.947545950810373
668,0.6431623931623932,2.947309104802601
669,0.6426282051282052,2.947072258794827
670,0.642094017094017,2.946835412787053
671,0.641559829059829,2.946598566779279
672,0.641025641025641,2.946361720771504
673,0.6404914529914529,2.946124874763728
674,0.6399572649572649,2.945888028755951
675,0.6394230769230769,2.945651182748173
676,0.6388888888888888,2.945413497435489
677,0.6383547008547008,2.945156791645979
678,0.6378205128205128,2.944877610000112
679,0.6372863247863247,2.944581197302705
680,0.6367521367521367,2.944272798358578
681,0.6362179487179487,2.943957657972549
682,0.6356837606837606,2.943641020949437
683,0.6351495726495726,2.943328132094062
684,0.6346153846153846,2.943024236211242
685,0.6340811965811965,2.942734271355936
686,0.6335470085470085,2.942451904179051
687,0.6330128205128205,2.94217289476074
688,0.6324786324786325,2.941897570799973
689,0.6319444444444444,2.941626259995723
690,0.6314102564102564,2.941359290046958
691,0.6308760683760684,2.941096988652653
692,0.6303418803418803,2.940839683511776
693,0.6298076923076923,2.9405877023233
694,0.6292735042735043,2.940341531009285
695,0.6287393162393162,2.940109701875435
696,0.6282051282051282,2.939895754989807
697,0.6276709401709402,2.939698050889602
698,0.6271367521367521,2.93951495011202
699,0.6266025641025641,2.939344813194262
700,0.6260683760683761,2.939186000673529
701,0.625534188034188,2.939036873087022
702,0.625,2.938895790971941
703,0.624465811965812,2.938761087631631
704,0.6239316239316239,2.938629289733873
705,0.6233974358974359,2.938501121836842
706,0.6228632478632479,2.93837986337704
707,0.6223290598290598,2.938268793790972
708,0.6217948717948718,2.938171192515139
709,0.6212606837606838,2.938090338986046
710,0.6207264957264957,2.938029512640196
711,0.6201923076923077,2.937991992914092
712,0.6196581196581197,2.937981001280267
713,0.6191239316239316,2.937982595199602
714,0.6185897435897436,2.937984189118937
715,0.6180555555555556,2.937985783038271
716,0.6175213675213675,2.937987376957606
717,0.6169871794871795,2.937988970876941
718,0.6164529914529915,2.937990564796276
719,0.6159188034188035,2.93799215871561
720,0.6153846153846154,2.937993752634945
721,0.6148504273504274,2.93799534655428
722,0.6143162393162394,2.937996940473615
723,0.6137820512820513,2.93799853439295
724,0.6132478632478633,2.938000128312285
725,0.6127136752136753,2.938001722231619
726,0.6121794871794872,2.938003316150954
727,0.6116452991452992,2.938004910070289
728,0.6111111111111112,2.938006503989623
729,0.610576923076923,2.938008097908959
730,0.610042735042735,2.938009691828293
731,0.609508547008547,2.938011285747628
732,0.6089743589743589,2.938012879666963
733,0.6084401709401709,2.938014473586298
734,0.6079059829059829,2.938016067505632
735,0.6073717948717948,2.938017661424967
736,0.6068376068376068,2.938019255344302
737,0.6063034188034188,2.938020849263637
738,0.6057692307692307,2.938022443182971
739,0.6052350427350427,2.938024037102306
740,0.6047008547008547,2.938025631021641
741,0.6041666666666666,2.938027224940977
742,0.6036324786324786,2.938028818860313
743,0.6030982905982906,2.938030412779649
744,0.6025641025641026,2.938032006698986
745,0.6020299145299145,2.938033600618322
746,0.6014957264957265,2.938035194537658
747,0.6009615384615385,2.938036788456994
748,0.6004273504273504,2.938038382376329
749,0.5998931623931624,2.938039976295664
750,0.5993589743589743,2.938041570214999
751,0.5988247863247863,2.938043164134334
752,0.5982905982905983,2.938044758053668
753,0.5977564102564102,2.938046351973003
754,0.5972222222222222,2.938047945892338
755,0.5966880341880342,2.938049539811673
756,0.5961538461538461,2.938051133731007
757,0.5956196581196581,2.938052727650342
758,0.5950854700854701,2.938054321569677
759,0.594551282051282,2.938055915489012
760,0.594017094017094,2.938057509408347
761,0.593482905982906,2.938059103327681
762,0.592948717948718,2.938060697247016
763,0.5924145299145298,2.938062291166351
764,0.5918803418803419,2.938063885085686
765,0.5913461538461539,2.93806547900502
766,0.5908119658119657,2.938067072924355
767,0.5902777777777778,2.938050060590527
768,0.5897435897435898,2.937982107201082
769,0.5892094017094016,2.937873603174904
770,0.5886752136752137,2.937736208096243
771,0.5881410256410255,2.937581581549346
772,0.5876068376068375,2.937421383118462
773,0.5870726495726496,2.93726727238784
774,0.5865384615384615,2.937130908941727
775,0.5860042735042734,2.937023952364373
776,0.5854700854700855,2.936943715002239
777,0.5849358974358974,2.936862725679422
778,0.5844017094017093,2.936782453765537
779,0.5838675213675213,2.936705814502673
780,0.5833333333333333,2.936635723132922
781,0.5827991452991452,2.936575094898373
782,0.5822649572649572,2.936526845041115
783,0.5817307692307692,2.93649388880324
784,0.5811965811965811,2.936479141426836
785,0.5806623931623931,2.936479818574356
786,0.5801282051282051,2.936481412493692
787,0.579594017094017,2.936483006413028
788,0.579059829059829,2.936484600332364
789,0.578525641025641,2.9364861942517
790,0.5779914529914529,2.936487788171037
791,0.5774572649572649,2.936489382090373
792,0.5769230769230769,2.936490976009709
793,0.5763888888888888,2.936492569929044
794,0.5758547008547008,2.936494163848379
795,0.5753205128205128,2.936495757767714
796,0.5747863247863247,2.936497351687049
797,0.5742521367521367,2.936498945606383
798,0.5737179487179487,2.936500539525718
799,0.5731837606837606,2.936502133445053
800,0.5726495726495726,2.936503727364387
801,0.5721153846153846,2.936505321283722
802,0.5715811965811965,2.936506915203057
803,0.5710470085470085,2.936508509122392
804,0.5705128205128205,2.936510103041726
805,0.5699786324786325,2.936511696961062
806,0.5694444444444444,2.936513290880396
807,0.5689102564102564,2.936514884799731
808,0.5683760683760684,2.936516478719066
809,0.5678418803418803,2.936518072638401
810,0.5673076923076923,2.936519666557735
811,0.5667735042735043,2.936521260477071
812,0.5662393162393162,2.936516959835788
813,0.5657051282051282,2.936483689322253
814,0.5651709401709402,2.936425919945373
815,0.5646367521367521,2.936351522713453
816,0.5641025641025641,2.936268368634798
817,0.5635683760683761,2.936184328717714
818,0.563034188034188,2.936107273970509
819,0.5625,2.936045075401486
820,0.561965811965812,2.936005604018952
821,0.5614316239316239,2.935998667900255
822,0.5608974358974359,2.936034653673397
823,0.5603632478632479,2.936103958533318
824,0.5598290598290598,2.936194774040295
825,0.5592948717948718,2.936295291754603
826,0.5587606837606838,2.936393703236516
827,0.5582264957264957,2.93647820004631
828,0.5576923076923077,2.93653697374426
829,0.5571581196581197,2.93655821589064
830,0.5566239316239316,2.936536968757757
831,0.5560897435897436,2.936508754590408
832,0.5555555555555556,2.936480540423059
833,0.5550213675213675,2.936452326255709
834,0.5544871794871795,2.93642411208836
835,0.5539529914529915,2.936395897921011
836,0.5534188034188035,2.936367683753661
837,0.5528846153846154,2.936339469586312
838,0.5523504273504274,2.936311255418962
839,0.5518162393162394,2.936283041251613
840,0.5512820512820513,2.936254827084264
841,0.5507478632478633,2.936226612916915
842,0.5502136752136753,2.936198398749565
843,0.5496794871794872,2.936170184582216
844,0.5491452991452992,2.936141970414866
845,0.5486111111111112,2.936113756247517
846,0.5480769230769231,2.936085542080168
847,0.5475427350427351,2.936057327912818
848,0.5470085470085471,2.936031688596693
849,0.546474358974359,2.936030225340484
850,0.5459401709401709,2.936052533817227
851,0.545405982905983,2.936092054050868
852,0.5448717948717949,2.936142226065358
853,0.5443376068376068,2.936196489884643
854,0.5438034188034189,2.936248285532673
855,0.5432692307692308,2.936291053033395
856,0.5427350427350427,2.936318232410758
857,0.5422008547008548,2.936324990963575
858,0.5416666666666666,2.936326584882911
859,0.5411324786324786,2.936328178802246
860,0.5405982905982907,2.93632977272158
861,0.5400641025641025,2.936331366640914
862,0.5395299145299145,2.936332960560248
863,0.5389957264957265,2.936334554479583
864,0.5384615384615384,2.936336148398917
865,0.5379273504273504,2.936337742318252
866,0.5373931623931624,2.936339336237588
867,0.5368589743589743,2.936340930156924
868,0.5363247863247863,2.93634252407626
869,0.5357905982905983,2.936344117995597
870,0.5352564102564102,2.936345711914934
871,0.5347222222222222,2.936347305834271
872,0.5341880341880342,2.936348899753608
873,0.5336538461538461,2.936350493672946
874,0.5331196581196581,2.936352087592284
875,0.5325854700854701,2.936354380879072
876,0.532051282051282,2.936369701094575
877,0.531517094017094,2.936399249324438
878,0.530982905982906,2.936438652208029
879,0.5304487179487178,2.93648353638472
880,0.5299145299145299,2.936529528493881
881,0.5293803418803419,2.936572255174881
882,0.5288461538461537,2.936607343067092
883,0.5283119658119658,2.936630418809883
884,0.5277777777777778,2.936637179705711
885,0.5272435897435896,2.936627143723309
886,0.5267094017094017,2.936603992999321
887,0.5261752136752136,2.936571371669273
888,0.5256410256410255,2.936532923868687
889,0.5251068376068376,2.936492293733091
890,0.5245726495726495,2.936453125398008
891,0.5240384615384615,2.936419062998964
892,0.5235042735042734,2.936393750671483
893,0.5229700854700854,2.936380639685859
894,0.5224358974358974,2.936374735389695
895,0.5219017094017093,2.936372000574283
896,0.5213675213675213,2.936371905184226
897,0.5208333333333333,2.936373919164127
898,0.5202991452991452,2.93637751245859
899,0.5197649572649572,2.936382155012216
900,0.5192307692307692,2.936387316769612
901,0.5186965811965811,2.936392467675378
902,0.5181623931623931,2.936397318899516
903,0.5176282051282051,2.936416089528646
904,0.517094017094017,2.936452800685597
905,0.516559829059829,2.936501090942646
906,0.516025641025641,2.936554598872068
907,0.5154914529914529,2.936606963046139
908,0.5149572649572649,2.936651822037135
909,0.5144230769230769,2.936682814417332
910,0.5138888888888888,2.936693578759006
911,0.5133547008547008,2.936677342170299
912,0.5128205128205128,2.936577971765386
913,0.5122863247863247,2.936376987326956
914,0.5117521367521367,2.936099821440628
915,0.5112179487179487,2.935771906692021
916,0.5106837606837606,2.935418675666752
917,0.5101495726495726,2.93506556095044
918,0.5096153846153846,2.934737995128703
919,0.5090811965811965,2.934461410787159
920,0.5085470085470085,2.934261129153083
921,0.5080128205128205,2.934103731151557
922,0.5074786324786325,2.933948142986149
923,0.5069444444444444,2.933794662731822
924,0.5064102564102564,2.933643588463541
925,0.5058760683760684,2.933495218256267
926,0.5053418803418803,2.933349850184966
927,0.5048076923076923,2.9332077823246
928,0.5042735042735043,2.933069312750132
929,0.5037393162393162,2.932934739456718
930,0.5032051282051282,2.932793550492864
931,0.5026709401709402,2.932640259739403
932,0.5021367521367521,2.932482518874191
933,0.5016025641025641,2.932327979575088
934,0.5010683760683761,2.932184293519953
935,0.500534188034188,2.932059112386644
936,0.5,2.93196008785302
937,0.4994658119658119,2.931894871596939
938,0.4989316239316239,2.931871115296262
939,0.4983974358974359,2.931872665699852
940,0.4978632478632478,2.931874259619187
941,0.4973290598290598,2.931875853538521
942,0.4967948717948718,2.931877447457856
943,0.4962606837606837,2.931879041377191
944,0.4957264957264957,2.931880635296526
945,0.4951923076923077,2.93188222921586
946,0.4946581196581196,2.931883823135195
947,0.4941239316239316,2.93188541705453
948,0.4935897435897436,2.931887010973865
949,0.4930555555555555,2.9318886048932
950,0.4925213675213675,2.931890198812535
951,0.4919871794871795,2.931891792731869
952,0.4914529914529914,2.931893386651204
953,0.4909188034188034,2.931894980570539
954,0.4903846153846154,2.931896574489874
955,0.4898504273504273,2.931898168409208
956,0.4893162393162393,2.931899762328543
957,0.4887820512820513,2.931901356247878
958,0.4882478632478632,2.931902950167213
959,0.4877136752136752,2.931904544086549
960,0.4871794871794872,2.931906138005886
961,0.4866452991452991,2.931907731925222
962,0.4861111111111111,2.931909325844559
963,0.4855769230769231,2.931910919763895
964,0.485042735042735,2.931912513683231
965,0.484508547008547,2.931914107602566
966,0.4839743589743589,2.931915701521901
967,0.4834401709401709,2.931917295441235
968,0.4829059829059829,2.931918889360571
969,0.4823717948717948,2.931920483279905
970,0.4818376068376068,2.93192207719924
971,0.4813034188034188,2.931923671118575
972,0.4807692307692307,2.93192526503791
973,0.4802350427350427,2.931926858957244
974,0.4797008547008547,2.931928452876579
975,0.4791666666666666,2.931930046795914
976,0.4786324786324787,2.931931640715248
977,0.4780982905982906,2.931933234634583
978,0.4775641025641025,2.931934828553918
979,0.4770299145299145,2.931936422473253
980,0.4764957264957265,2.931938016392587
981,0.4759615384615384,2.931939610311922
982,0.4754273504273504,2.931941204231257
983,0.4748931623931624,2.931942798150592
984,0.4743589743589743,2.931944392069927
985,0.4738247863247863,2.931945985989262
986,0.4732905982905983,2.931947579908596
987,0.4727564102564102,2.931949173827931
988,0.4722222222222222,2.931950767747266
989,0.4716880341880342,2.931952361666601
990,0.4711538461538461,2.931953955585935
991,0.4706196581196581,2.93195554950527
992,0.4700854700854701,2.931957143424605
993,0.469551282051282,2.93195873734394
994,0.469017094017094,2.931960331263275
995,0.4684829059829059,2.931961925182609
996,0.467948717948718,2.931963519101944
997,0.4674145299145299,2.931965113021279
998,0.4668803418803418,2.931966706940614
999,0.4663461538461539,2.931968300859948
1000,0.4658119658119658,2.931969894779283
1001,0.4652777777777777,2.931971488698618
1002,0.4647435897435898,2.931973082617953
1003,0.4642094017094017,2.931974676537288
1004,0.4636752136752136,2.931976270456624
1005,0.4631410256410257,2.93197786437596
1006,0.4626068376068376,2.931979458295297
1007,0.4620726495726495,2.931981052214633
1008,0.4615384615384615,2.93198264613397
1009,0.4610042735042735,2.931984240053305
1010,0.4604700854700854,2.931985833972641
1011,0.4599358974358974,2.931987427891976
1012,0.4594017094017094,2.931989021811311
1013,0.4588675213675213,2.931990615730645
1014,0.4583333333333333,2.93199220964998
1015,0.4577991452991453,2.931993803569315
1016,0.4572649572649573,2.93199539748865
1017,0.4567307692307692,2.931996991407984
1018,0.4561965811965812,2.931998585327319
1019,0.4556623931623932,2.932000179246654
1020,0.4551282051282051,2.932001773165989
1021,0.4545940170940171,2.932003367085323
1022,0.454059829059829,2.932004961004658
1023,0.453525641025641,2.932006554923993
1024,0.4529914529914529,2.932008148843328
1025,0.4524572649572649,2.932009742762662
1026,0.4519230769230769,2.932011336681998
1027,0.4513888888888888,2.932012930601332
1028,0.4508547008547008,2.932014524520667
1029,0.4503205128205128,2.932016118440002
1030,0.4497863247863247,2.932017712359337
1031,0.4492521367521367,2.932019306278671
1032,0.4487179487179487,2.932020900198006
1033,0.4481837606837606,2.932022494117341
1034,0.4476495726495726,2.932024088036675
1035,0.4471153846153846,2.932025681956011
1036,0.4465811965811965,2.932027275875345
1037,0.4460470085470085,2.93202886979468
1038,0.4455128205128205,2.932030463714015
1039,0.4449786324786325,2.93203205763335
1040,0.4444444444444444,2.932033651552684
1041,0.4439102564102564,2.932035245472019
1042,0.4433760683760684,2.932036839391354
1043,0.4428418803418803,2.932038433310689
1044,0.4423076923076923,2.932040027230023
1045,0.4417735042735043,2.932041621149358
1046,0.4412393162393162,2.932043215068693
1047,0.4407051282051282,2.932044808988028
1048,0.4401709401709402,2.932046402907363
1049,0.4396367521367521,2.932047996826699
1050,0.4391025641025641,2.932049590746035
1051,0.4385683760683761,2.932051184665371
1052,0.438034188034188,2.932052778584708
1053,0.4375,2.932054372504044
1054,0.436965811965812,2.93205596642338
1055,0.4364316239316239,2.932057560342716
1056,0.4358974358974359,2.93205915426205
1057,0.4353632478632479,2.932060748181386
1058,0.4348290598290598,2.93206234210072
1059,0.4342948717948718,2.932063936020055
1060,0.4337606837606838,2.93206552993939
1061,0.4332264957264957,2.932067123858725
1062,0.4326923076923077,2.932068717778059
1063,0.4321581196581197,2.932070311697395
1064,0.4316239316239316,2.932071905616729
1065,0.4310897435897436,2.932073499536064
1066,0.4305555555555555,2.932075093455399
1067,0.4300213675213675,2.932076687374733
1068,0.4294871794871795,2.932078281294068
1069,0.4289529914529914,2.932079875213403
1070,0.4284188034188034,2.932081469132738
1071,0.4278846153846154,2.932083063052072
1072,0.4273504273504273,2.932084656971407
1073,0.4268162393162393,2.932086250890742
1074,0.4262820512820512,2.932087844810077
1075,0.4257478632478632,2.932089438729411
1076,0.4252136752136752,2.932091032648746
1077,0.4246794871794871,2.932092626568081
1078,0.4241452991452991,2.932094220487416
1079,0.4236111111111111,2.932095814406751
1080,0.423076923076923,2.932097408326086
1081,0.422542735042735,2.93209900224542
1082,0.422008547008547,2.932100596164755
1083,0.4214743589743589,2.93210219008409
1084,0.4209401709401709,2.932103784003425
1085,0.4204059829059829,2.932105377922759
1086,0.4198717948717948,2.932106971842094
1087,0.4193376068376068,2.932108565761429
1088,0.4188034188034188,2.932110159680763
1089,0.4182692307692307,2.932111753600098
1090,0.4177350427350427,2.932113347519433
1091,0.4172008547008547,2.932114941438768
1092,0.4166666666666666,2.932116535358102
1093,0.4161324786324786,2.932118129277438
1094,0.4155982905982906,2.932119723196773
1095,0.4150641025641025,2.932121317116109
1096,0.4145299145299145,2.932122911035445
1097,0.4139957264957265,2.932124504954781
1098,0.4134615384615384,2.932126098874118
1099,0.4129273504273504,2.932127692793454
1100,0.4123931623931624,2.93212928671279
1101,0.4118589743589743,2.932130880632126
1102,0.4113247863247863,2.932132474551461
1103,0.4107905982905983,2.932134068470797
1104,0.4102564102564102,2.932135662390132
1105,0.4097222222222222,2.932137256309467
1106,0.4091880341880342,2.932138850228802
1107,0.4086538461538461,2.932140444148136
1108,0.4081196581196581,2.932142038067471
1109,0.4075854700854701,2.932143631986805
1110,0.407051282051282,2.932144364351642
1111,0.406517094017094,2.932078432545286
1112,0.405982905982906,2.931923276117337
1113,0.405448717948718,2.931705127056464
1114,0.4049145299145299,2.931450217351334
1115,0.4043803418803419,2.931184778990616
1116,0.4038461538461539,2.930935043962978
1117,0.4033119658119658,2.930727244257089
1118,0.4027777777777778,2.930587611861617
1119,0.4022435897435898,2.930542032362792
1120,0.4017094017094017,2.930543626282127
1121,0.4011752136752137,2.930545220201461
1122,0.4006410256410256,2.930546814120796
1123,0.4001068376068376,2.930548408040131
1124,0.3995726495726496,2.930550001959466
1125,0.3990384615384615,2.9305515958788
1126,0.3985042735042735,2.930553189798135
1127,0.3979700854700855,2.93055478371747
1128,0.3974358974358974,2.930556377636805
1129,0.3969017094017094,2.930557971556139
1130,0.3963675213675213,2.930559565475474
1131,0.3958333333333333,2.930561159394809
1132,0.3952991452991453,2.930562753314144
1133,0.3947649572649573,2.930564347233479
1134,0.3942307692307692,2.930565941152814
1135,0.3936965811965812,2.930567535072148
1136,0.3931623931623932,2.930569128991483
1137,0.3926282051282051,2.930570722910818
1138,0.392094017094017,2.93052639130212
1139,0.391559829059829,2.930399750746756
1140,0.391025641025641,2.93020864548143
1141,0.3904914529914529,2.929970926816428
1142,0.3899572649572649,2.929704446062034
1143,0.3894230769230769,2.929427054528531
1144,0.3888888888888888,2.929156603526204
1145,0.3883547008547008,2.928910944365338
1146,0.3878205128205128,2.928707928356216
1147,0.3872863247863247,2.92853779872976
1148,0.3867521367521367,2.928372908620753
1149,0.3862179487179487,2.928213332839755
1150,0.3856837606837606,2.928059237085415
1151,0.3851495726495726,2.927910787056383
1152,0.3846153846153846,2.927768148451312
1153,0.3840811965811965,2.927631486968851
1154,0.3835470085470085,2.927500968307651
1155,0.3830128205128205,2.927376758166362
1156,0.3824786324786325,2.927289044509449
1157,0.3819444444444444,2.927269941882429
1158,0.3814102564102564,2.927299992119989
1159,0.3808760683760684,2.927359318597387
1160,0.3803418803418803,2.927428044689881
1161,0.3798076923076923,2.927486293772726
1162,0.3792735042735043,2.927514189221182
1163,0.3787393162393162,2.927491854410504
1164,0.3782051282051282,2.92739941271595
1165,0.3776709401709402,2.927226779272234
1166,0.3771367521367521,2.926991741687848
1167,0.3766025641025641,2.926711065685988
1168,0.3760683760683761,2.926401361408827
1169,0.375534188034188,2.926079238998538
1170,0.375,2.925761308597295
1171,0.374465811965812,2.925464180347272
1172,0.3739316239316239,2.925204464390642
1173,0.3733974358974359,2.924998770869578
1174,0.3728632478632479,2.924838862068189
1175,0.3723290598290598,2.924682657905696
1176,0.3717948717948718,2.92452897252348
1177,0.3712606837606838,2.924377903132469
1178,0.3707264957264957,2.924229546943597
1179,0.3701923076923077,2.924084001167794
1180,0.3696581196581196,2.923941363015992
1181,0.3691239316239316,2.923801729699122
1182,0.3685897435897436,2.923665198428115
1183,0.3680555555555555,2.923534729356335
1184,0.3675213675213675,2.92341527011738
1185,0.3669871794871795,2.923303724630351
1186,0.3664529914529914,2.92319669239382
1187,0.3659188034188034,2.923090772906355
1188,0.3653846153846154,2.922982565666529
1189,0.3648504273504273,2.922868670172912
1190,0.3643162393162393,2.922745685924073
1191,0.3637820512820513,2.922610212418586
1192,0.3632478632478632,2.922444026085069
1193,0.3627136752136751,2.922213869319381
1194,0.3621794871794872,2.921934706647779
1195,0.3616452991452991,2.921624022430442
1196,0.361111111111111,2.92129930102755
1197,0.360576923076923,2.920978026799281
1198,0.360042735042735,2.920677684105815
1199,0.359508547008547,2.920415757307331
1200,0.3589743589743589,2.920209730764008
1201,0.3584401709401709,2.92005820529208
1202,0.3579059829059829,2.919910767623519
1203,0.3573717948717948,2.919763329954958
1204,0.3568376068376068,2.919615892286396
1205,0.3563034188034188,2.919468454617835
1206,0.3557692307692307,2.919321016949274
1207,0.3552350427350427,2.919173579280712
1208,0.3547008547008547,2.919026141612151
1209,0.3541666666666666,2.91887870394359
1210,0.3536324786324786,2.918731266275028
1211,0.3530982905982906,2.918583828606466
1212,0.3525641025641025,2.918436390937905
1213,0.3520299145299145,2.918288953269344
1214,0.3514957264957265,2.918141515600782
1215,0.3509615384615384,2.917994077932221
1216,0.3504273504273504,2.91784664026366
1217,0.3498931623931624,2.917699202595098
1218,0.3493589743589743,2.917551764926537
1219,0.3488247863247863,2.917394751956147
1220,0.3482905982905983,2.91719100500151
1221,0.3477564102564102,2.916945898283353
1222,0.3472222222222222,2.916669922272509
1223,0.3466880341880342,2.916373567439814
1224,0.3461538461538461,2.916067324256104
1225,0.3456196581196581,2.915761683192211
1226,0.3450854700854701,2.915467134718972
1227,0.344551282051282,2.915194169307222
1228,0.344017094017094,2.914948313487602
1229,0.343482905982906,2.914710859747662
1230,0.342948717948718,2.914479655698653
1231,0.3424145299145299,2.914255825362468
1232,0.3418803418803419,2.914040492761002
1233,0.3413461538461539,2.913834781916151
1234,0.3408119658119658,2.913639816849809
1235,0.3402777777777778,2.913456721583873
1236,0.3397435897435898,2.913286620140237
1237,0.3392094017094017,2.913138086514376
1238,0.3386752136752136,2.913051257011268
1239,0.3381410256410257,2.913017993746415
1240,0.3376068376068376,2.913021638793885
1241,0.3370726495726495,2.913045534227744
1242,0.3365384615384615,2.91307302212206
1243,0.3360042735042735,2.913087444550897
1244,0.3354700854700854,2.913072143588325
1245,0.3349358974358974,2.913010461308409
1246,0.3344017094017094,2.912892016545258
1247,0.3338675213675213,2.912752434250523
1248,0.3333333333333333,2.912600832231732
1249,0.3327991452991453,2.912437872883948
1250,0.3322649572649573,2.912264218602234
1251,0.3317307692307692,2.912080531781652
1252,0.3311965811965812,2.911887474817263
1253,0.3306623931623932,2.911685710104133
1254,0.3301282051282051,2.911475900037322
1255,0.329594017094017,2.911255984703623
1256,0.3290598290598291,2.911005242435674
1257,0.328525641025641,2.910727411797717
1258,0.3279914529914529,2.910432625208407
1259,0.3274572649572649,2.9101310150864
1260,0.3269230769230769,2.909832713850352
1261,0.3263888888888888,2.909547853918918
1262,0.3258547008547008,2.909286567710752
1263,0.3253205128205128,2.909058987644512
1264,0.3247863247863247,2.908873980078678
1265,0.3242521367521367,2.908723012030154
1266,0.3237179487179487,2.908598837137685
1267,0.3231837606837606,2.908497211694384
1268,0.3226495726495726,2.908413891993368
1269,0.3221153846153846,2.908344634327751
1270,0.3215811965811965,2.908285194990648
1271,0.3210470085470085,2.908231330275174
1272,0.3205128205128205,2.908178796474443
1273,0.3199786324786325,2.908125967602677
1274,0.3194444444444444,2.908104043092297
1275,0.3189102564102564,2.90811437953312
1276,0.3183760683760684,2.908145517102991
1277,0.3178418803418803,2.908185995979757
1278,0.3173076923076923,2.908224356341262
1279,0.3167735042735043,2.908249138365353
1280,0.3162393162393162,2.908248882229876
1281,0.3157051282051282,2.908212128112675
1282,0.3151709401709402,2.908124321830416
1283,0.3146367521367521,2.907927043747759
1284,0.3141025641025641,2.907625251550138
1285,0.3135683760683761,2.907249795590056
1286,0.313034188034188,2.906831526220013
1287,0.3125,2.906401293792511
1288,0.3119658119658119,2.905989948660052
1289,0.3114316239316239,2.905628341175136
1290,0.3108974358974359,2.905347321690265
1291,0.3103632478632478,2.90517426006048
1292,0.3098290598290598,2.905040832719298
1293,0.3092948717948718,2.904910109389894
1294,0.3087606837606838,2.904782727737315
1295,0.3082264957264957,2.904659325426609
1296,0.3076923076923077,2.904540540122822
1297,0.3071581196581197,2.904427009491001
1298,0.3066239316239316,2.904319371196193
1299,0.3060897435897436,2.904218262903445
1300,0.3055555555555555,2.904124257005913
1301,0.3050213675213675,2.904035050493304
1302,0.3044871794871795,2.903948504547412
1303,0.3039529914529914,2.903863617127663
1304,0.3034188034188034,2.903779386193486
1305,0.3028846153846154,2.903694809704309
1306,0.3023504273504273,2.903608885619558
1307,0.3018162393162393,2.903520611898663
1308,0.3012820512820513,2.903428986501051
1309,0.3007478632478632,2.903332992243504
1310,0.3002136752136752,2.903231031625427
1311,0.2996794871794872,2.903123113894652
1312,0.2991452991452991,2.903010071768592
1313,0.2986111111111111,2.902892737964658
1314,0.298076923076923,2.902771945200263
1315,0.297542735042735,2.902648526192819
1316,0.297008547008547,2.902523313659739
1317,0.2964743589743589,2.902397140318434
1318,0.2959401709401709,2.902270806619221
1319,0.2954059829059829,2.902140312059337
1320,0.2948717948717948,2.902001401012474
1321,0.2943376068376068,2.901852574618427
1322,0.2938034188034188,2.901692334016993
1323,0.2932692307692307,2.901519180347967
1324,0.2927350427350427,2.901331614751144
1325,0.2922008547008547,2.901128138366319
1326,0.2916666666666666,2.900907252333287
1327,0.2911324786324786,2.900667409668905
1328,0.2905982905982906,2.900386970157194
1329,0.2900641025641025,2.900057665967267
1330,0.2895299145299145,2.899692279944813
1331,0.2889957264957265,2.899303594935523
1332,0.2884615384615384,2.898904393785089
1333,0.2879273504273504,2.8985074593392
1334,0.2873931623931624,2.898125574443547
1335,0.2868589743589743,2.897771521943821
1336,0.2863247863247863,2.89745808457013
1337,0.2857905982905983,2.89717503994427
1338,0.2852564102564102,2.896902120454749
1339,0.2847222222222222,2.896636750679913
1340,0.2841880341880342,2.89637635519811
1341,0.2836538461538461,2.896118358587686
1342,0.2831196581196581,2.895860185426988
1343,0.2825854700854701,2.895599260294364
1344,0.282051282051282,2.89533300776816
1345,0.281517094017094,2.895058852426722
1346,0.280982905982906,2.894765064451053
1347,0.280448717948718,2.894444881855396
1348,0.2799145299145299,2.894106087561143
1349,0.2793803418803418,2.893756486037416
1350,0.2788461538461539,2.893403881753339
1351,0.2783119658119658,2.893056079178033
1352,0.2777777777777777,2.892720882780623
1353,0.2772435897435897,2.892406097030231
1354,0.2767094017094017,2.892119526395981
1355,0.2761752136752136,2.891913888328402
1356,0.2756410256410256,2.891835252289141
1357,0.2751068376068376,2.89185168436412
1358,0.2745726495726495,2.89193077593767
1359,0.2740384615384615,2.89204011839412
1360,0.2735042735042735,2.892147303117802
1361,0.2729700854700854,2.892219921493046
1362,0.2724358974358974,2.892225564904181
1363,0.2719017094017094,2.892131824735537
1364,0.2713675213675213,2.891939305087777
1365,0.2708333333333333,2.891696225716098
1366,0.2702991452991453,2.891416721731954
1367,0.2697649572649573,2.891114293024718
1368,0.2692307692307692,2.890802439483763
1369,0.2686965811965812,2.890494660998462
1370,0.2681623931623931,2.890204457458186
1371,0.2676282051282051,2.88994532875231
1372,0.267094017094017,2.889730774770205
1373,0.2665598290598291,2.889577512770961
1374,0.266025641025641,2.889486831214466
1375,0.2654914529914529,2.889439381258701
1376,0.2649572649572649,2.889415489204073
1377,0.2644230769230769,2.889395481350987
1378,0.2638888888888888,2.889359683999851
1379,0.2633547008547008,2.889288423451071
1380,0.2628205128205128,2.889162026005052
1381,0.2622863247863247,2.888960817962201
1382,0.2617521367521367,2.888680657692107
1383,0.2612179487179487,2.888353057319907
1384,0.2606837606837606,2.887990942864983
1385,0.2601495726495726,2.887606233255286
1386,0.2596153846153846,2.887210847418764
1387,0.2590811965811965,2.886816704283367
1388,0.2585470085470085,2.886435722777045
1389,0.2580128205128205,2.886079821827747
1390,0.2574786324786325,2.885760920363423
1391,0.2569444444444444,2.88547925549245
1392,0.2564102564102564,2.885209033582348
1393,0.2558760683760684,2.884946037140843
1394,0.2553418803418803,2.88468743529656
1395,0.2548076923076923,2.884430397178125
1396,0.2542735042735043,2.884172091914165
1397,0.2537393162393162,2.883909688633305
1398,0.2532051282051282,2.883640356464172
1399,0.2526709401709402,2.883361264535392
1400,0.2521367521367521,2.883064387474263
1401,0.2516025641025641,2.88273724410757
1402,0.2510683760683761,2.882388561251283
1403,0.250534188034188,2.882028354561445
1404,0.25,2.881666639694099
1405,0.2494658119658119,2.881313432305288
1406,0.2489316239316239,2.880978748051058
1407,0.2483974358974359,2.880672602587451
1408,0.2478632478632478,2.88040501157051
1409,0.2473290598290598,2.880178654268447
1410,0.2467948717948718,2.879971785830567
1411,0.2462606837606837,2.879779653991339
1412,0.2457264957264957,2.879599526454666
1413,0.2451923076923077,2.87942867092445
1414,0.2446581196581196,2.879264355104593
1415,0.2441239316239316,2.879103846699
1416,0.2435897435897436,2.878944413411571
1417,0.2430555555555555,2.878783322946211
1418,0.2425213675213675,2.878621198200733
1419,0.2419871794871795,2.878469079900315
1420,0.2414529914529914,2.878325327314507
1421,0.2409188034188034,2.878186752691211
1422,0.2403846153846154,2.878050168278328
1423,0.2398504273504273,2.877912386323759
1424,0.2393162393162393,2.877770219075408
1425,0.2387820512820513,2.877620478781174
1426,0.2382478632478632,2.87745997768896
1427,0.2377136752136752,2.877269450001544
1428,0.2371794871794872,2.876979583780118
1429,0.2366452991452991,2.876607388255336
1430,0.2361111111111111,2.876181544726693
1431,0.235576923076923,2.875730734493688
1432,0.235042735042735,2.875283638855813
1433,0.234508547008547,2.874868939112567
1434,0.2339743589743589,2.874515316563446
1435,0.2334401709401709,2.874251452507944
1436,0.2329059829059829,2.87408842146416
1437,0.2323717948717949,2.873940983795598
1438,0.2318376068376068,2.873793546127037
1439,0.2313034188034188,2.873646108458475
1440,0.2307692307692307,2.873498670789914
1441,0.2302350427350427,2.873351233121353
1442,0.2297008547008547,2.873203795452792
1443,0.2291666666666666,2.873056357784231
1444,0.2286324786324786,2.872908920115669
1445,0.2280982905982906,2.872761482447107
1446,0.2275641025641025,2.872614044778545
1447,0.2270299145299145,2.872466607109983
1448,0.2264957264957265,2.872319169441422
1449,0.2259615384615384,2.87217173177286
1450,0.2254273504273504,2.872024294104298
1451,0.2248931623931624,2.871876856435735
1452,0.2243589743589743,2.871729418767172
1453,0.2238247863247863,2.871581981098609
1454,0.2232905982905983,2.871432088971074
1455,0.2227564102564102,2.871260492804688
1456,0.2222222222222222,2.87106733254201
1457,0.2216880341880341,2.870857853921732
1458,0.2211538461538461,2.870637302682548
1459,0.2206196581196581,2.870410924563152
1460,0.2200854700854701,2.870183965302238
1461,0.219551282051282,2.869961670638499
1462,0.219017094017094,2.869749286310629
1463,0.218482905982906,2.869551164239878
1464,0.2179487179487179,2.869361175855556
1465,0.2174145299145299,2.869176398567091
1466,0.2168803418803419,2.868996067393087
1467,0.2163461538461538,2.868819417352143
1468,0.2158119658119658,2.868645683462863
1469,0.2152777777777777,2.868474100743846
1470,0.2147435897435897,2.868303904213696
1471,0.2142094017094017,2.868134328891014
1472,0.2136752136752136,2.867967951081585
1473,0.2131410256410256,2.867844850689382
1474,0.2126068376068376,2.867765243346759
1475,0.2120726495726495,2.867714099570655
1476,0.2115384615384615,2.867676389878011
1477,0.2110042735042735,2.867637084785766
1478,0.2104700854700854,2.867581154810862
1479,0.2099358974358974,2.867493570470237
1480,0.2094017094017094,2.867359302280832
1481,0.2088675213675213,2.867161439241726
1482,0.2083333333333333,2.866863035460939
1483,0.2077991452991453,2.866474375468529
1484,0.2072649572649572,2.866021405463842
1485,0.2067307692307692,2.865530071646223
1486,0.2061965811965812,2.865026320215017
1487,0.2056623931623931,2.864536097369569
1488,0.2051282051282052,2.864085349309224
1489,0.204594017094017,2.863700022233327
1490,0.204059829059829,2.863402895839004
1491,0.203525641025641,2.863136248820178
1492,0.2029914529914529,2.862869601801353
1493,0.2024572649572649,2.862602954782529
1494,0.201923076923077,2.862336307763705
1495,0.2013888888888888,2.862069660744881
1496,0.2008547008547008,2.861803013726057
1497,0.2003205128205128,2.861536366707232
1498,0.1997863247863247,2.861269719688406
1499,0.1992521367521367,2.86100307266958
1500,0.1987179487179487,2.860736425650752
1501,0.1981837606837606,2.860469778631924
1502,0.1976495726495726,2.860203131613095
1503,0.1971153846153846,2.859936484594267
1504,0.1965811965811965,2.859669837575438
1505,0.1960470085470085,2.859403190556609
1506,0.1955128205128205,2.85913654353778
1507,0.1949786324786325,2.858869896518953
1508,0.1944444444444444,2.858603805626863
1509,0.1939102564102564,2.858368478452803
1510,0.1933760683760684,2.858173345572466
1511,0.1928418803418803,2.858007478514903
1512,0.1923076923076923,2.857859948809164
1513,0.1917735042735043,2.857719827984301
1514,0.1912393162393162,2.857576187569361
1515,0.1907051282051282,2.857418099093398
1516,0.1901709401709402,2.857234634085459
1517,0.1896367521367521,2.857014683862741
1518,0.1891025641025641,2.856732459844111
1519,0.1885683760683761,2.856388328137683
1520,0.188034188034188,2.856000862844604
1521,0.1874999999999999,2.85558863806602
1522,0.186965811965812,2.855170227903079
1523,0.1864316239316239,2.854764206456929
1524,0.1858974358974359,2.854389147828717
1525,0.1853632478632479,2.854063626119589
1526,0.1848290598290597,2.853806126862332
1527,0.1842948717948717,2.853598831262623
1528,0.1837606837606838,2.853413555019915
1529,0.1832264957264957,2.853244105326076
1530,0.1826923076923077,2.853084289372977
1531,0.1821581196581196,2.852927914352487
1532,0.1816239316239315,2.852768787456479
1533,0.1810897435897435,2.85260071587682
1534,0.1805555555555556,2.852417506805383
1535,0.1800213675213675,2.85221296817051
1536,0.1794871794871795,2.85198919343384
1537,0.1789529914529914,2.851754349479838
1538,0.1784188034188033,2.851511766881353
1539,0.1778846153846153,2.851264776211238
1540,0.1773504273504274,2.851016708042345
1541,0.1768162393162394,2.850770892947523
1542,0.1762820512820512,2.850530661499625
1543,0.1757478632478632,2.850299344271503
1544,0.1752136752136751,2.850080271836006
1545,0.1746794871794871,2.849889654723072
1546,0.1741452991452992,2.849736178431928
1547,0.173611111111111,2.849608620717606
1548,0.173076923076923,2.849495739997475
1549,0.172542735042735,2.849386294688903
1550,0.172008547008547,2.849269043209258
1551,0.1714743589743589,2.849132743975907
1552,0.170940170940171,2.848966155406217
1553,0.1704059829059829,2.848758035917556
1554,0.1698717948717948,2.848513538952274
1555,0.1693376068376068,2.848251688493149
1556,0.1688034188034188,2.847974534554889
1557,0.1682692307692307,2.847684019579661
1558,0.1677350427350427,2.847382086009628
1559,0.1672008547008547,2.847070676286954
1560,0.1666666666666666,2.846751732853803
1561,0.1661324786324786,2.84642719815234
1562,0.1655982905982906,2.846099014624728
1563,0.1650641025641025,2.845762157928466
1564,0.1645299145299145,2.84540920331727
1565,0.1639957264957265,2.845044857783902
1566,0.1634615384615384,2.84467397703515
1567,0.1629273504273504,2.844301416777801
1568,0.1623931623931624,2.843932032718643
1569,0.1618589743589743,2.843570680564464
1570,0.1613247863247863,2.843222216022049
1571,0.1607905982905983,2.842891494798187
1572,0.1602564102564102,2.842590508724145
1573,0.1597222222222222,2.842329007804923
1574,0.1591880341880342,2.842097166646058
1575,0.1586538461538461,2.841884786585074
1576,0.1581196581196581,2.841681668959497
1577,0.1575854700854701,2.841477615106852
1578,0.157051282051282,2.841262426364664
1579,0.1565170940170939,2.841025904070458
1580,0.155982905982906,2.840757849561759
1581,0.155448717948718,2.840449706986218
1582,0.1549145299145299,2.840105674529908
1583,0.1543803418803419,2.839735915627745
1584,0.1538461538461537,2.839350627616516
1585,0.1533119658119657,2.83896000783301
1586,0.1527777777777778,2.838574253614018
1587,0.1522435897435898,2.838203562296326
1588,0.1517094017094017,2.837858131216723
1589,0.1511752136752136,2.837548157711999
1590,0.1506410256410255,2.837276215310396
1591,0.1501068376068375,2.837025443255285
1592,0.1495726495726496,2.836789964299154
1593,0.1490384615384616,2.836564678952251
1594,0.1485042735042735,2.836344487724824
1595,0.1479700854700854,2.836124291127118
1596,0.1474358974358974,2.835898989669381
1597,0.1469017094017093,2.83566348386186
1598,0.1463675213675214,2.835412674214802
1599,0.1458333333333334,2.835149838444242
1600,0.1452991452991452,2.834893976608108
1601,0.1447649572649572,2.834640187470624
1602,0.1442307692307692,2.834381915693627
1603,0.1436965811965811,2.834112605938954
1604,0.1431623931623932,2.833825702868442
1605,0.1426282051282051,2.833514651143928
1606,0.142094017094017,2.833172895427247
1607,0.141559829059829,2.832793880380238
1608,0.141025641025641,2.832381044279496
1609,0.1404914529914529,2.831965405468774
1610,0.1399572649572649,2.83154976665805
1611,0.1394230769230769,2.831134127847326
1612,0.1388888888888888,2.830718489036601
1613,0.1383547008547008,2.830302850225875
1614,0.1378205128205128,2.829887211415148
1615,0.1372863247863247,2.829471572604421
1616,0.1367521367521367,2.829055933793694
1617,0.1362179487179487,2.828640294982967
1618,0.1356837606837606,2.828224656172239
1619,0.1351495726495726,2.827809017361512
1620,0.1346153846153846,2.827393378550785
1621,0.1340811965811965,2.826977739740058
1622,0.1335470085470085,2.82656210092933
1623,0.1330128205128205,2.826146462118603
1624,0.1324786324786325,2.825730823307876
1625,0.1319444444444444,2.825315184497148
1626,0.1314102564102564,2.824899545686421
1627,0.1308760683760684,2.824483906875694
1628,0.1303418803418803,2.824068268064967
1629,0.1298076923076923,2.823652629254239
1630,0.1292735042735043,2.823236990443512
1631,0.1287393162393162,2.822821351632785
1632,0.1282051282051282,2.822405712822057
1633,0.1276709401709402,2.82199007401133
1634,0.1271367521367521,2.821574435200603
1635,0.1266025641025641,2.821158796389875
1636,0.1260683760683761,2.820743157579149
1637,0.1255341880341879,2.820327518768422
1638,0.125,2.819911879957696
1639,0.124465811965812,2.81949624114697
1640,0.1239316239316239,2.819080602336244
1641,0.1233974358974359,2.818664963525519
1642,0.1228632478632478,2.818249324714793
1643,0.1223290598290597,2.817833685904067
1644,0.1217948717948718,2.817417434273829
1645,0.1212606837606838,2.816995383034238
1646,0.1207264957264957,2.816564222584178
1647,0.1201923076923076,2.816121331167132
1648,0.1196581196581196,2.815664087026581
1649,0.1191239316239315,2.815189868406006
1650,0.1185897435897436,2.81469605354889
1651,0.1180555555555556,2.814180020698713
1652,0.1175213675213675,2.813639148098958
1653,0.1169871794871794,2.813068752990457
1654,0.1164529914529914,2.812452080560021
1655,0.1159188034188033,2.811791985448365
1656,0.1153846153846154,2.81109586528698
1657,0.1148504273504274,2.810371117707358
1658,0.1143162393162392,2.809625140340994
1659,0.1137820512820512,2.808865330819379
1660,0.1132478632478632,2.808099086774005
1661,0.1127136752136751,2.807333805836365
1662,0.1121794871794872,2.806575819667012
1663,0.1116452991452991,2.805817896892962
1664,0.111111111111111,2.805054588083143
1665,0.110576923076923,2.804282810739443
1666,0.110042735042735,2.803499482363749
1667,0.109508547008547,2.802701520457951
1668,0.1089743589743589,2.801885842523938
1669,0.1084401709401709,2.801049366063598
1670,0.1079059829059829,2.800189008578819
1671,0.1073717948717948,2.799297669733464
1672,0.1068376068376068,2.798324685567961
1673,0.1063034188034188,2.79727342817578
1674,0.1057692307692307,2.796166809336037
1675,0.1052350427350427,2.795027740827847
1676,0.1047008547008547,2.793879134430326
1677,0.1041666666666666,2.79274390192259
1678,0.1036324786324786,2.791644955083754
1679,0.1030982905982906,2.790605205692934
1680,0.1025641025641025,2.789644804814853
1681,0.1020299145299145,2.788727649352798
1682,0.1014957264957265,2.787830955094294
1683,0.1009615384615384,2.786948641903951
1684,0.1004273504273504,2.786074629646382
1685,0.09989316239316237,2.785202838186198
1686,0.09935897435897434,2.784327187388012
1687,0.09882478632478631,2.783441597116435
1688,0.09829059829059827,2.782539987236079
1689,0.09775641025641024,2.781617064577168
1690,0.09722222222222221,2.780687716936883
1691,0.09668803418803418,2.779756012098119
1692,0.09615384615384615,2.778816961910568
1693,0.09561965811965811,2.777865578223921
1694,0.09508547008547008,2.776896872887869
1695,0.09455128205128194,2.775905857752103
1696,0.09401709401709402,2.774887544666317
1697,0.09348290598290598,2.773836945480199
1698,0.09294871794871795,2.772748742427334
1699,0.09241452991452992,2.771608499847729
1700,0.09188034188034178,2.770419481330943
1701,0.09134615384615374,2.769193902361319
1702,0.09081196581196582,2.767943978423197
1703,0.09027777777777779,2.766681925000919
1704,0.08974358974358976,2.765419957578827
1705,0.08920940170940161,2.76417029164126
1706,0.08867521367521358,2.762945142672561
1707,0.08814102564102555,2.761756669075917
1708,0.08760683760683763,2.760607998523666
1709,0.0870726495726496,2.759488719286108
1710,0.08653846153846156,2.758388141931223
1711,0.08600427350427342,2.757295577026991
1712,0.08547008547008539,2.756200335141391
1713,0.08493589743589736,2.755091726842403
1714,0.08440170940170943,2.753959062698006
1715,0.0838675213675214,2.75279165327618
1716,0.08333333333333326,2.751578796561243
1717,0.08279914529914523,2.750311965455569
1718,0.08226495726495719,2.748998448673039
1719,0.08173076923076916,2.747650459052328
1720,0.08119658119658124,2.746280209432111
1721,0.0806623931623931,2.744899912651062
1722,0.08012820512820507,2.743521781547855
1723,0.07959401709401703,2.742158028961166
1724,0.079059829059829,2.740820867729669
1725,0.07852564102564097,2.739522496024099
1726,0.07799145299145294,2.738254346513963
1727,0.0774572649572649,2.73699926975034
1728,0.07692307692307687,2.735753666874581
1729,0.07638888888888884,2.734513939028039
1730,0.07585470085470081,2.733276487352065
1731,0.07532051282051277,2.732037712988011
1732,0.07478632478632474,2.730794017077229
1733,0.07425213675213671,2.729541800761071
1734,0.07371794871794868,2.72827746518089
1735,0.07318376068376065,2.727000561725151
1736,0.07264957264957261,2.725712186927094
1737,0.07211538461538458,2.724410706346426
1738,0.07158119658119655,2.723094484321793
1739,0.07104700854700852,2.721761885191836
1740,0.07051282051282048,2.720411273295201
1741,0.06997863247863245,2.71904101297053
1742,0.06944444444444442,2.717649468556468
1743,0.06891025641025639,2.716235004391658
1744,0.06837606837606836,2.714762000294952
1745,0.06784188034188032,2.713200114834681
1746,0.06730769230769229,2.711572910920218
1747,0.06677350427350426,2.709904167466234
1748,0.06623931623931623,2.708217663387403
1749,0.06570512820512819,2.706537177598398
1750,0.06517094017094016,2.704886489013892
1751,0.06463675213675213,2.703289376548558
1752,0.0641025641025641,2.701769619117069
1753,0.06356837606837595,2.700310017792499
1754,0.06303418803418803,2.698856414810271
1755,0.0625,2.697408971776547
1756,0.06196581196581197,2.695968580725943
1757,0.06143162393162394,2.694536133693073
1758,0.06089743589743579,2.693112522712555
1759,0.06036324786324776,2.691698639819003
1760,0.05982905982905984,2.690295377047034
1761,0.05929487179487181,2.688903626431262
1762,0.05876068376068377,2.68752321421966
1763,0.05822649572649563,2.686151236025779
1764,0.0576923076923076,2.684785325182725
1765,0.05715811965811957,2.683423145188476
1766,0.05662393162393164,2.68206235954101
1767,0.05608974358974361,2.680700631738305
1768,0.05555555555555558,2.67933562527834
1769,0.05502136752136744,2.677965003659093
1770,0.0544871794871794,2.676586430378544
1771,0.05395299145299137,2.675198611621104
1772,0.05341880341880345,2.673802488845006
1773,0.05288461538461542,2.672397612945038
1774,0.05235042735042728,2.670983464481489
1775,0.05181623931623924,2.669559524014645
1776,0.05128205128205121,2.668125272104791
1777,0.05074786324786318,2.666680189312215
1778,0.05021367521367526,2.665223756197203
1779,0.04967948717948711,2.66375545332004
1780,0.04914529914529908,2.662271551275971
1781,0.04861111111111105,2.6607638230871
1782,0.04807692307692302,2.659232835059807
1783,0.04754273504273498,2.65767962509273
1784,0.04700854700854695,2.656105231084506
1785,0.04647435897435892,2.654510690933771
1786,0.04594017094017089,2.652897042539161
1787,0.04540598290598286,2.651265323799314
1788,0.04487179487179482,2.649616572612867
1789,0.04433760683760679,2.647954269453629
1790,0.04380341880341876,2.646286188448746
1791,0.04326923076923073,2.644611930267431
1792,0.04273504273504269,2.642930498465936
1793,0.04220085470085466,2.641240896600513
1794,0.04166666666666663,2.639542128227414
1795,0.0411324786324786,2.637833196902891
1796,0.04059829059829057,2.636113106183198
1797,0.04006410256410253,2.634380859624585
1798,0.0395299145299145,2.632637364055592
1799,0.03899572649572647,2.630889446166291
1800,0.03846153846153844,2.629138236416009
1801,0.0379273504273504,2.627384210173093
1802,0.03739316239316237,2.62562784280589
1803,0.03685897435897434,2.623869609682748
1804,0.03632478632478631,2.622109986172015
1805,0.03579059829059816,2.620349447642037
1806,0.03525641025641024,2.618588469461163
1807,0.03472222222222221,2.616825289410209
1808,0.03418803418803418,2.615051168917891
1809,0.03365384615384615,2.613267601422046
1810,0.03311965811965811,2.611477401860222
1811,0.03258547008546997,2.609683385169967
1812,0.03205128205128205,2.607888366288829
1813,0.03151709401709402,2.606095160154356
1814,0.03098290598290598,2.604306581704097
1815,0.03044871794871795,2.6025254458756
1816,0.02991452991452981,2.600768170593299
1817,0.02938034188034178,2.599104197512773
1818,0.02884615384615385,2.597526076801868
1819,0.02831196581196582,2.596013910751982
1820,0.02777777777777779,2.594547801654513
1821,0.02724358974358965,2.593107851800859
1822,0.02670940170940161,2.591674163482419
1823,0.02617521367521358,2.59022683899059
1824,0.02564102564102566,2.588745980616771
1825,0.02510683760683763,2.587198874364661
1826,0.0245726495726496,2.585494284246826
1827,0.02403846153846145,2.583637912823633
1828,0.02350427350427342,2.581653925543911
1829,0.02297008547008539,2.579566487856487
1830,0.02243589743589747,2.577399765210189
1831,0.02190170940170943,2.575177923053845
1832,0.02136752136752129,2.572925126836282
1833,0.02083333333333326,2.570665542006331
1834,0.02029914529914523,2.568386388827552
1835,0.01976495726495719,2.565075161907898
1836,0.01923076923076927,2.558652725603863
1837,0.01869658119658113,2.546990389667707
1838,0.0181623931623931,2.527959463851706
1839,0.01762820512820507,2.49791741631585
1840,0.01709401709401703,2.469626667481998
1841,0.016559829059829,2.441689109457337
1842,0.01602564102564097,2.425766320595939
1843,0.01549145299145294,2.412307264943133
1844,0.0149572649572649,2.397999674649866
1845,0.01442307692307687,2.383572851134956
1846,0.01388888888888884,2.362783984717058
1847,0.01335470085470081,2.348660757869045
1848,0.01282051282051277,2.018016502537267
1849,0.01228632478632474,2.399855973579481
1850,0.01175213675213671,2.507995764500495
1851,0.01121794871794868,2.23768373618452
1852,0.01068376068376065,2.247089855230092
1853,0.01014957264957261,2.243003854663258
1854,0.009615384615384581,2.198169797794493
1855,0.009081196581196549,2.189037046559564
1856,0.008547008547008517,2.181273256774484
1857,0.008012820512820484,2.171505263515551
1858,0.007478632478632341,2.139505128595953
1859,0.00694444444444442,2.129269036269049
1860,0.006410256410256387,2.127947526054283
1861,0.005876068376068355,2.124457930857393
1862,0.005341880341880323,2.108761120128255
1863,0.00480769230769218,2.08833924304387
1864,0.004273504273504258,2.069706582609375
1865,0.003739316239316226,2.063407579875351
1866,0.003205128205128194,2.061338034228581
1867,0.002670940170940161,2.052646112457127
1868,0.002136752136752129,2.027885487552003
1869,0.001602564102563986,2.013758056399333
1870,0.001068376068376065,2.004364668328322
1871,0.0005341880341880323,1.999850049930564
1872,0,1.999842989051667
1872,0,1.999842989051667
