Man. SOC,Man. V (V),sim SOC,sim V
0.0112853457982645,2.00544710637878,0,1.94697995201886
0.0245616335831442,2.12514788524105,0.000534188034188032,2.05297373156503
0.0378379213680239,2.2285258306221,0.00106837606837607,2.00033865948925
0.0511142091529036,2.33462424825003,0.00160256410256399,2.02790615991582
0.0643904969377833,2.42439983239673,0.00213675213675213,2.03206208804127
0.077666784722663,2.50601399980282,0.00267094017094016,2.04720488756297
0.0909430725075427,2.58296450049999,0.00320512820512819,2.05828665951809
0.104219360292422,2.65495985531894,0.00373931623931623,2.07568446737067
0.117495648077302,2.7236517795524,0.00427350427350426,2.0807625398098
0.130771935862182,2.78350216898354,0.00480769230769218,2.09781098734496
0.144048223647062,2.8315638453449,0.00534188034188032,2.1044828446178
0.157324511431941,2.87418457721253,0.00587606837606836,2.12215226304973
0.170600799216821,2.90683024417497,0.00641025641025639,2.12869847307581
0.183877087001701,2.93675543889053,0.00694444444444442,2.1403146230748
0.19715337478658,2.95942604094778,0.00747863247863234,2.1485565641608
0.21042966257146,2.97846934667587,0.00801282051282048,2.15621383425148
0.22370595035634,2.99479218015709,0.00854700854700852,2.16687604230406
0.236982238141219,3.00839454139144,0.00908119658119655,2.18908525639608
0.250258525926099,3.0210900785435,0.00961538461538458,2.20340400354213
0.263534813710979,3.03106514344868,0.0101495726495726,2.23293253198154
0.276811101495859,3.04104020835387,0.0106837606837607,2.24231907298851
0.290087389280738,3.05010844917677,0.0112179487179487,2.2631381685459
0.303363677065618,3.05554939367051,0.0117521367521367,2.28981700565611
0.316639964850498,3.06099033816425,0.0122863247863247,2.31105147456903
0.329916252635377,3.07187222715173,0.0128205128205128,2.34676988801143
0.343192540420257,3.07187222715173,0.0133547008547008,2.37340676739371
0.356468828205137,3.07912681981005,0.0138888888888888,2.38978202982246
0.369745115990016,3.08275411613921,0.0144230769230769,2.40448472206202
0.383021403774896,3.08275411613921,0.0149572649572649,2.41973204247372
0.396297691559776,3.09000870879753,0.0154914529914529,2.42707541632376
0.409573979344656,3.09363600512669,0.016025641025641,2.4592732829624
0.422850267129535,3.09363600512669,0.016559829059829,2.47952273339991
0.436126554914415,3.10089059778501,0.017094017094017,2.49993393230033
0.449402842699295,3.10451789411417,0.0176282051282051,2.52082905371331
0.462679130484174,3.10451789411417,0.0181623931623931,2.54195505351444
0.475955418269054,3.10633154227875,0.0186965811965811,2.55585420244639
0.489231706053934,3.11539978310165,0.0192307692307693,2.56343907042543
0.502507993838813,3.11539978310165,0.0197649572649572,2.56890022518785
0.515784281623693,3.11539978310165,0.0202991452991452,2.56989678176605
0.529060569408573,3.11539978310165,0.0208333333333333,2.57139351308775
0.542336857193453,3.12084072759539,0.0213675213675213,2.57288536236318
0.555613144978332,3.12628167208913,0.0219017094017094,2.57330041837734
0.568889432763212,3.12628167208913,0.0224358974358975,2.57483698061769
0.582165720548092,3.12628167208913,0.0229700854700854,2.57725952848648
0.595442008332971,3.12990896841829,0.0235042735042734,2.57813942822527
0.608718296117851,3.13716356107661,0.0240384615384615,2.5780959151997
0.621994583902731,3.13716356107661,0.0245726495726496,2.57917440304047
0.63527087168761,3.13716356107661,0.0251068376068376,2.58286110639698
0.64854715947249,3.13716356107661,0.0256410256410257,2.58886853508507
0.66182344725737,3.13716356107661,0.0261752136752136,2.59050023715717
0.67509973504225,3.14532497781721,0.0267094017094016,2.59201075452228
0.688376022827129,3.14804545006408,0.0272435897435897,2.59344009553498
0.701652310612009,3.14804545006408,0.0277777777777778,2.59482826854984
0.714928598396889,3.14804545006408,0.0283119658119658,2.59621528192143
0.728204886181768,3.14804545006408,0.0288461538461539,2.59764114400434
0.741481173966648,3.14804545006408,0.0293803418803418,2.59914586315314
0.754757461751528,3.15167274639324,0.0299145299145298,2.6007694477224
0.768033749536407,3.15892733905156,0.030448717948718,2.60253111523326
0.781310037321287,3.15892733905156,0.030982905982906,2.60432022470005
0.794586325106167,3.15892733905156,0.031517094017094,2.60611238266648
0.807862612891047,3.15892733905156,0.0320512820512821,2.6079057388994
0.821138900675926,3.15892733905156,0.03258547008547,2.60969844316567
0.834415188460806,3.15892733905156,0.0331196581196581,2.61148864523213
0.847691476245686,3.16799557987446,0.0336538461538462,2.61327449486565
0.860967764030565,3.16799557987446,0.0341880341880342,2.61505414183308
0.874244051815445,3.16980922803904,0.0347222222222222,2.61682573590126
0.887520339600325,3.16980922803904,0.0352564102564102,2.61858846946116
0.900796627385204,3.16980922803904,0.0357905982905982,2.62034944764204
0.914072915170084,3.16980922803904,0.0363247863247863,2.62210998617202
0.927349202954964,3.16980922803904,0.0368589743589743,2.62386960968275
0.940625490739844,3.17162287620362,0.0373931623931624,2.62562784280589
0.952795421209317,3.18069111702652,0.0379273504273504,2.62738421017309
0.963858994363383,3.18069111702652,0.0384615384615384,2.62913823641601
0.97160349557123,3.18069111702652,0.0389957264957265,2.63088944616629
0.980296303049425,3.18069111702652,0.0395299145299145,2.63263736405559
0.985986140671516,3.18069111702652,0.0400641025641025,2.63438085962459
0.99004278416134,3.191573006014,0.0405982905982906,2.6361131061832
0.992993070335758,3.191573006014,0.0411324786324786,2.63783319690289
0.995943356510176,3.191573006014,0.0416666666666666,2.63954212822741
0.998819885530233,3.19882759867232,0.0422008547008547,2.64124089660051
1,3.24054150645766,0.0427350427350427,2.64293049846594
,,0.0432692307692307,2.64461193026743
,,0.0438034188034188,2.64628618844875
,,0.0443376068376068,2.64795426945363
,,0.0448717948717948,2.64961657261287
,,0.0454059829059829,2.65126532379931
,,0.0459401709401709,2.65289704253916
,,0.0464743589743589,2.65451069093377
,,0.047008547008547,2.65610523108451
,,0.047542735042735,2.65767962509273
,,0.048076923076923,2.65923283505981
,,0.0486111111111111,2.6607638230871
,,0.0491452991452991,2.66227155127597
,,0.0496794871794871,2.66375545332004
,,0.0502136752136753,2.6652237561972
,,0.0507478632478632,2.66668018931222
,,0.0512820512820512,2.66812527210479
,,0.0518162393162392,2.66955952401465
,,0.0523504273504273,2.67098346448149
,,0.0528846153846154,2.67239761294504
,,0.0534188034188035,2.67380248884501
,,0.0539529914529914,2.6751986116211
,,0.0544871794871794,2.67658643037854
,,0.0550213675213674,2.67796500365909
,,0.0555555555555556,2.67933562527834
,,0.0560897435897436,2.68070063173831
,,0.0566239316239316,2.68206235954101
,,0.0571581196581196,2.68342314518848
,,0.0576923076923076,2.68478532518273
,,0.0582264957264956,2.68615123602578
,,0.0587606837606838,2.68752321421966
,,0.0592948717948718,2.68890362643126
,,0.0598290598290598,2.69029537704703
,,0.0603632478632478,2.691698639819
,,0.0608974358974358,2.69311252271256
,,0.0614316239316239,2.69453613369307
,,0.061965811965812,2.69596858072594
,,0.0625,2.69740897177655
,,0.063034188034188,2.69885641481027
,,0.063568376068376,2.7003100177925
,,0.0641025641025641,2.70176961911707
,,0.0646367521367521,2.70328937654856
,,0.0651709401709402,2.70488648901389
,,0.0657051282051282,2.7065371775984
,,0.0662393162393162,2.7082176633874
,,0.0667735042735043,2.70990416746623
,,0.0673076923076923,2.71157291092022
,,0.0678418803418803,2.71320011483468
,,0.0683760683760684,2.71476200029495
,,0.0689102564102564,2.71623500439166
,,0.0694444444444444,2.71764946855647
,,0.0699786324786325,2.71904101297053
,,0.0705128205128205,2.7204112732952
,,0.0710470085470085,2.72176188519184
,,0.0715811965811966,2.72309448432179
,,0.0721153846153846,2.72441070634643
,,0.0726495726495726,2.72571218692709
,,0.0731837606837607,2.72700056172515
,,0.0737179487179487,2.72827746518089
,,0.0742521367521367,2.72954180076107
,,0.0747863247863247,2.73079401707723
,,0.0753205128205128,2.73203771298801
,,0.0758547008547008,2.73327648735207
,,0.0763888888888888,2.73451393902804
,,0.0769230769230769,2.73575366687458
,,0.0774572649572649,2.73699926975034
,,0.0779914529914529,2.73825434651396
,,0.078525641025641,2.7395224960241
,,0.079059829059829,2.74082086772967
,,0.079594017094017,2.74215802896117
,,0.0801282051282051,2.74352178154786
,,0.0806623931623931,2.74489991265106
,,0.0811965811965812,2.74628020943211
,,0.0817307692307692,2.74765045905233
,,0.0822649572649572,2.74899844867304
,,0.0827991452991452,2.75031196545557
,,0.0833333333333333,2.75157879656124
,,0.0838675213675214,2.75279165327618
,,0.0844017094017094,2.75395906269801
,,0.0849358974358974,2.7550917268424
,,0.0854700854700854,2.75620033514139
,,0.0860042735042734,2.75729557702699
,,0.0865384615384616,2.75838814193122
,,0.0870726495726496,2.75948871928611
,,0.0876068376068376,2.76060799852367
,,0.0881410256410256,2.76175666907592
,,0.0886752136752136,2.76294514267256
,,0.0892094017094016,2.76417029164126
,,0.0897435897435898,2.76541995757883
,,0.0902777777777778,2.76668192500092
,,0.0908119658119658,2.7679439784232
,,0.0913461538461537,2.76919390236132
,,0.0918803418803418,2.77041948133094
,,0.0924145299145299,2.77160849984773
,,0.092948717948718,2.77274874242733
,,0.093482905982906,2.7738369454802
,,0.094017094017094,2.77488754466632
,,0.0945512820512819,2.7759058577521
,,0.0950854700854701,2.77689687288787
,,0.0956196581196581,2.77786557822392
,,0.0961538461538462,2.77881696191057
,,0.0966880341880342,2.77975601209812
,,0.0972222222222222,2.78068771693688
,,0.0977564102564102,2.78161706457717
,,0.0982905982905983,2.78253998723608
,,0.0988247863247863,2.78344159711644
,,0.0993589743589743,2.78432718738801
,,0.0998931623931624,2.7852028381862
,,0.10042735042735,2.78607462964638
,,0.100961538461538,2.78694864190395
,,0.101495726495727,2.78783095509429
,,0.102029914529915,2.7887276493528
,,0.102564102564103,2.78964480481485
,,0.103098290598291,2.79060520569293
,,0.103632478632479,2.79164495508375
,,0.104166666666667,2.79274390192259
,,0.104700854700855,2.79387913443033
,,0.105235042735043,2.79502774082785
,,0.105769230769231,2.79616680933604
,,0.106303418803419,2.79727342817578
,,0.106837606837607,2.79832468556796
,,0.107371794871795,2.79929766973346
,,0.107905982905983,2.80018900857882
,,0.108440170940171,2.8010493660636
,,0.108974358974359,2.80188584252394
,,0.109508547008547,2.80270152045795
,,0.110042735042735,2.80349948236375
,,0.110576923076923,2.80428281073944
,,0.111111111111111,2.80505458808314
,,0.111645299145299,2.80581789689296
,,0.112179487179487,2.80657581966701
,,0.112713675213675,2.80733380583637
,,0.113247863247863,2.80809908677401
,,0.113782051282051,2.80886533081938
,,0.114316239316239,2.80962514034099
,,0.114850427350427,2.81037111770736
,,0.115384615384615,2.81109586528698
,,0.115918803418803,2.81179198544837
,,0.116452991452991,2.81245208056002
,,0.116987179487179,2.81306875299046
,,0.117521367521368,2.81363914809896
,,0.118055555555556,2.81418002069871
,,0.118589743589744,2.81469605354889
,,0.119123931623932,2.81518986840601
,,0.11965811965812,2.81566408702658
,,0.120192307692308,2.81612133116713
,,0.120726495726496,2.81656422258418
,,0.121260683760684,2.81699538303424
,,0.121794871794872,2.81741743427383
,,0.12232905982906,2.81783368590407
,,0.122863247863248,2.81824932471479
,,0.123397435897436,2.81866496352552
,,0.123931623931624,2.81908060233624
,,0.124465811965812,2.81949624114697
,,0.125,2.8199118799577
,,0.125534188034188,2.82032751876842
,,0.126068376068376,2.82074315757915
,,0.126602564102564,2.82115879638988
,,0.127136752136752,2.8215744352006
,,0.12767094017094,2.82199007401133
,,0.128205128205128,2.82240571282206
,,0.128739316239316,2.82282135163279
,,0.129273504273504,2.82323699044351
,,0.129807692307692,2.82365262925424
,,0.13034188034188,2.82406826806497
,,0.130876068376068,2.82448390687569
,,0.131410256410256,2.82489954568642
,,0.131944444444444,2.82531518449715
,,0.132478632478633,2.82573082330788
,,0.133012820512821,2.8261464621186
,,0.133547008547009,2.82656210092933
,,0.134081196581197,2.82697773974006
,,0.134615384615385,2.82739337855079
,,0.135149572649573,2.82780901736151
,,0.135683760683761,2.82822465617224
,,0.136217948717949,2.82864029498297
,,0.136752136752137,2.82905593379369
,,0.137286324786325,2.82947157260442
,,0.137820512820513,2.82988721141515
,,0.138354700854701,2.83030285022588
,,0.138888888888889,2.8307184890366
,,0.139423076923077,2.83113412784733
,,0.139957264957265,2.83154976665805
,,0.140491452991453,2.83196540546877
,,0.141025641025641,2.8323810442795
,,0.141559829059829,2.83279388038024
,,0.142094017094017,2.83317289542725
,,0.142628205128205,2.83351465114393
,,0.143162393162393,2.83382570286844
,,0.143696581196581,2.83411260593895
,,0.144230769230769,2.83438191569363
,,0.144764957264957,2.83464018747062
,,0.145299145299145,2.83489397660811
,,0.145833333333333,2.83514983844424
,,0.146367521367521,2.8354126742148
,,0.146901709401709,2.83566348386186
,,0.147435897435897,2.83589898966938
,,0.147970085470085,2.83612429112712
,,0.148504273504274,2.83634448772482
,,0.149038461538462,2.83656467895225
,,0.14957264957265,2.83678996429915
,,0.150106837606838,2.83702544325529
,,0.150641025641026,2.8372762153104
,,0.151175213675214,2.837548157712
,,0.151709401709402,2.83785813121672
,,0.15224358974359,2.83820356229633
,,0.152777777777778,2.83857425361402
,,0.153311965811966,2.83896000783301
,,0.153846153846154,2.83935062761652
,,0.154380341880342,2.83973591562775
,,0.15491452991453,2.84010567452991
,,0.155448717948718,2.84044970698622
,,0.155982905982906,2.84075784956176
,,0.156517094017094,2.84102590407046
,,0.157051282051282,2.84126242636466
,,0.15758547008547,2.84147761510685
,,0.158119658119658,2.8416816689595
,,0.158653846153846,2.84188478658507
,,0.159188034188034,2.84209716664606
,,0.159722222222222,2.84232900780492
,,0.16025641025641,2.84259050872415
,,0.160790598290598,2.84289149479819
,,0.161324786324786,2.84322221602205
,,0.161858974358974,2.84357068056446
,,0.162393162393162,2.84393203271864
,,0.16292735042735,2.8443014167778
,,0.163461538461538,2.84467397703515
,,0.163995726495727,2.8450448577839
,,0.164529914529915,2.84540920331727
,,0.165064102564103,2.84576215792847
,,0.165598290598291,2.84609901462473
,,0.166132478632479,2.84642719815234
,,0.166666666666667,2.8467517328538
,,0.167200854700855,2.84707067628695
,,0.167735042735043,2.84738208600963
,,0.168269230769231,2.84768401957966
,,0.168803418803419,2.84797453455489
,,0.169337606837607,2.84825168849315
,,0.169871794871795,2.84851353895227
,,0.170405982905983,2.84875803591756
,,0.170940170940171,2.84896615540622
,,0.171474358974359,2.84913274397591
,,0.172008547008547,2.84926904320926
,,0.172542735042735,2.8493862946889
,,0.173076923076923,2.84949573999748
,,0.173611111111111,2.84960862071761
,,0.174145299145299,2.84973617843193
,,0.174679487179487,2.84988965472307
,,0.175213675213675,2.85008027183601
,,0.175747863247863,2.8502993442715
,,0.176282051282051,2.85053066149963
,,0.176816239316239,2.85077089294752
,,0.177350427350427,2.85101670804235
,,0.177884615384615,2.85126477621124
,,0.178418803418803,2.85151176688135
,,0.178952991452991,2.85175434947984
,,0.17948717948718,2.85198919343384
,,0.180021367521368,2.85221296817051
,,0.180555555555556,2.85241750680538
,,0.181089743589744,2.85260071587682
,,0.181623931623932,2.85276878745648
,,0.18215811965812,2.85292791435249
,,0.182692307692308,2.85308428937298
,,0.183226495726496,2.85324410532608
,,0.183760683760684,2.85341355501992
,,0.184294871794872,2.85359883126262
,,0.18482905982906,2.85380612686233
,,0.185363247863248,2.85406362611959
,,0.185897435897436,2.85438914782872
,,0.186431623931624,2.85476420645693
,,0.186965811965812,2.85517022790308
,,0.1875,2.85558863806602
,,0.188034188034188,2.8560008628446
,,0.188568376068376,2.85638832813768
,,0.189102564102564,2.85673245984411
,,0.189636752136752,2.85701468386274
,,0.19017094017094,2.85723463408546
,,0.190705128205128,2.8574180990934
,,0.191239316239316,2.85757618756936
,,0.191773504273504,2.8577198279843
,,0.192307692307692,2.85785994880916
,,0.19284188034188,2.8580074785149
,,0.193376068376068,2.85817334557247
,,0.193910256410256,2.8583684784528
,,0.194444444444444,2.85860380562686
,,0.194978632478633,2.85886989651895
,,0.195512820512821,2.85913654353778
,,0.196047008547009,2.85940319055661
,,0.196581196581197,2.85966983757544
,,0.197115384615385,2.85993648459427
,,0.197649572649573,2.8602031316131
,,0.198183760683761,2.86046977863192
,,0.198717948717949,2.86073642565075
,,0.199252136752137,2.86100307266958
,,0.199786324786325,2.86126971968841
,,0.200320512820513,2.86153636670723
,,0.200854700854701,2.86180301372606
,,0.201388888888889,2.86206966074488
,,0.201923076923077,2.86233630776371
,,0.202457264957265,2.86260295478253
,,0.202991452991453,2.86286960180135
,,0.203525641025641,2.86313624882018
,,0.204059829059829,2.863402895839
,,0.204594017094017,2.86370002223333
,,0.205128205128205,2.86408534930922
,,0.205662393162393,2.86453609736957
,,0.206196581196581,2.86502632021502
,,0.206730769230769,2.86553007164622
,,0.207264957264957,2.86602140546384
,,0.207799145299145,2.86647437546853
,,0.208333333333333,2.86686303546094
,,0.208867521367521,2.86716143924173
,,0.209401709401709,2.86735930228083
,,0.209935897435897,2.86749357047024
,,0.210470085470085,2.86758115481086
,,0.211004273504274,2.86763708478577
,,0.211538461538462,2.86767638987801
,,0.21207264957265,2.86771409957066
,,0.212606837606838,2.86776524334676
,,0.213141025641026,2.86784485068938
,,0.213675213675214,2.86796795108159
,,0.214209401709402,2.86813432889101
,,0.21474358974359,2.8683039042137
,,0.215277777777778,2.86847410074385
,,0.215811965811966,2.86864568346286
,,0.216346153846154,2.86881941735214
,,0.216880341880342,2.86899606739309
,,0.21741452991453,2.86917639856709
,,0.217948717948718,2.86936117585556
,,0.218482905982906,2.86955116423988
,,0.219017094017094,2.86974928631063
,,0.219551282051282,2.8699616706385
,,0.22008547008547,2.87018396530224
,,0.220619658119658,2.87041092456315
,,0.221153846153846,2.87063730268255
,,0.221688034188034,2.87085785392173
,,0.222222222222222,2.87106733254201
,,0.22275641025641,2.87126049280469
,,0.223290598290598,2.87143208897107
,,0.223824786324786,2.87158198109861
,,0.224358974358974,2.87172941876717
,,0.224893162393162,2.87187685643574
,,0.22542735042735,2.8720242941043
,,0.225961538461538,2.87217173177286
,,0.226495726495727,2.87231916944142
,,0.227029914529915,2.87246660710998
,,0.227564102564103,2.87261404477855
,,0.228098290598291,2.87276148244711
,,0.228632478632479,2.87290892011567
,,0.229166666666667,2.87305635778423
,,0.229700854700855,2.87320379545279
,,0.230235042735043,2.87335123312135
,,0.230769230769231,2.87349867078991
,,0.231303418803419,2.87364610845848
,,0.231837606837607,2.87379354612704
,,0.232371794871795,2.8739409837956
,,0.232905982905983,2.87408842146416
,,0.233440170940171,2.87425145250794
,,0.233974358974359,2.87451531656345
,,0.234508547008547,2.87486893911257
,,0.235042735042735,2.87528363885581
,,0.235576923076923,2.87573073449369
,,0.236111111111111,2.87618154472669
,,0.236645299145299,2.87660738825534
,,0.237179487179487,2.87697958378012
,,0.237713675213675,2.87726945000154
,,0.238247863247863,2.87745997768896
,,0.238782051282051,2.87762047878117
,,0.239316239316239,2.87777021907541
,,0.239850427350427,2.87791238632376
,,0.240384615384615,2.87805016827833
,,0.240918803418803,2.87818675269121
,,0.241452991452991,2.87832532731451
,,0.24198717948718,2.87846907990032
,,0.242521367521368,2.87862119820073
,,0.243055555555556,2.87878332294621
,,0.243589743589744,2.87894441341157
,,0.244123931623932,2.879103846699
,,0.24465811965812,2.87926435510459
,,0.245192307692308,2.87942867092445
,,0.245726495726496,2.87959952645467
,,0.246260683760684,2.87977965399134
,,0.246794871794872,2.87997178583057
,,0.24732905982906,2.88017865426845
,,0.247863247863248,2.88040501157051
,,0.248397435897436,2.88067260258745
,,0.248931623931624,2.88097874805106
,,0.249465811965812,2.88131343230529
,,0.25,2.8816666396941
,,0.250534188034188,2.88202835456145
,,0.251068376068376,2.88238856125128
,,0.251602564102564,2.88273724410757
,,0.252136752136752,2.88306438747426
,,0.25267094017094,2.88336126453539
,,0.253205128205128,2.88364035646417
,,0.253739316239316,2.88390968863331
,,0.254273504273504,2.88417209191417
,,0.254807692307692,2.88443039717813
,,0.25534188034188,2.88468743529656
,,0.255876068376068,2.88494603714084
,,0.256410256410256,2.88520903358235
,,0.256944444444444,2.88547925549245
,,0.257478632478633,2.88576092036342
,,0.258012820512821,2.88607982182775
,,0.258547008547009,2.88643572277705
,,0.259081196581197,2.88681670428337
,,0.259615384615385,2.88721084741876
,,0.260149572649573,2.88760623325529
,,0.260683760683761,2.88799094286498
,,0.261217948717949,2.88835305731991
,,0.261752136752137,2.88868065769211
,,0.262286324786325,2.8889608179622
,,0.262820512820513,2.88916202600505
,,0.263354700854701,2.88928842345107
,,0.263888888888889,2.88935968399985
,,0.264423076923077,2.88939548135099
,,0.264957264957265,2.88941548920407
,,0.265491452991453,2.8894393812587
,,0.266025641025641,2.88948683121447
,,0.266559829059829,2.88957751277096
,,0.267094017094017,2.88973077477021
,,0.267628205128205,2.88994532875231
,,0.268162393162393,2.89020445745819
,,0.268696581196581,2.89049466099846
,,0.269230769230769,2.89080243948376
,,0.269764957264957,2.89111429302472
,,0.270299145299145,2.89141672173195
,,0.270833333333333,2.8916962257161
,,0.271367521367521,2.89193930508778
,,0.271901709401709,2.89213182473554
,,0.272435897435897,2.89222556490418
,,0.272970085470085,2.89221992149305
,,0.273504273504274,2.8921473031178
,,0.274038461538462,2.89204011839412
,,0.27457264957265,2.89193077593767
,,0.275106837606838,2.89185168436412
,,0.275641025641026,2.89183525228914
,,0.276175213675214,2.8919138883284
,,0.276709401709402,2.89211952639598
,,0.27724358974359,2.89240609703023
,,0.277777777777778,2.89272088278062
,,0.278311965811966,2.89305607917803
,,0.278846153846154,2.89340388175334
,,0.279380341880342,2.89375648603742
,,0.27991452991453,2.89410608756114
,,0.280448717948718,2.8944448818554
,,0.280982905982906,2.89476506445105
,,0.281517094017094,2.89505885242672
,,0.282051282051282,2.89533300776816
,,0.28258547008547,2.89559926029436
,,0.283119658119658,2.89586018542699
,,0.283653846153846,2.89611835858769
,,0.284188034188034,2.89637635519811
,,0.284722222222222,2.89663675067991
,,0.28525641025641,2.89690212045475
,,0.285790598290598,2.89717503994427
,,0.286324786324786,2.89745808457013
,,0.286858974358974,2.89777152194382
,,0.287393162393162,2.89812557444355
,,0.28792735042735,2.8985074593392
,,0.288461538461538,2.89890439378509
,,0.288995726495727,2.89930359493552
,,0.289529914529915,2.89969227994481
,,0.290064102564103,2.90005766596727
,,0.290598290598291,2.90038697015719
,,0.291132478632479,2.90066740966891
,,0.291666666666667,2.90090725233329
,,0.292200854700855,2.90112813836632
,,0.292735042735043,2.90133161475114
,,0.293269230769231,2.90151918034797
,,0.293803418803419,2.90169233401699
,,0.294337606837607,2.90185257461843
,,0.294871794871795,2.90200140101247
,,0.295405982905983,2.90214031205934
,,0.295940170940171,2.90227080661922
,,0.296474358974359,2.90239714031843
,,0.297008547008547,2.90252331365974
,,0.297542735042735,2.90264852619282
,,0.298076923076923,2.90277194520026
,,0.298611111111111,2.90289273796466
,,0.299145299145299,2.90301007176859
,,0.299679487179487,2.90312311389465
,,0.300213675213675,2.90323103162543
,,0.300747863247863,2.9033329922435
,,0.301282051282051,2.90342898650105
,,0.301816239316239,2.90352061189866
,,0.302350427350427,2.90360888561956
,,0.302884615384615,2.90369480970431
,,0.303418803418803,2.90377938619349
,,0.303952991452991,2.90386361712766
,,0.30448717948718,2.90394850454741
,,0.305021367521368,2.9040350504933
,,0.305555555555556,2.90412425700591
,,0.306089743589744,2.90421826290345
,,0.306623931623932,2.90431937119619
,,0.30715811965812,2.904427009491
,,0.307692307692308,2.90454054012282
,,0.308226495726496,2.90465932542661
,,0.308760683760684,2.90478272773732
,,0.309294871794872,2.90491010938989
,,0.30982905982906,2.9050408327193
,,0.310363247863248,2.90517426006048
,,0.310897435897436,2.90534732169027
,,0.311431623931624,2.90562834117514
,,0.311965811965812,2.90598994866005
,,0.3125,2.90640129379251
,,0.313034188034188,2.90683152622001
,,0.313568376068376,2.90724979559006
,,0.314102564102564,2.90762525155014
,,0.314636752136752,2.90792704374776
,,0.31517094017094,2.90812432183042
,,0.315705128205128,2.90821212811268
,,0.316239316239316,2.90824888222988
,,0.316773504273504,2.90824913836535
,,0.317307692307692,2.90822435634126
,,0.31784188034188,2.90818599597976
,,0.318376068376068,2.90814551710299
,,0.318910256410256,2.90811437953312
,,0.319444444444444,2.9081040430923
,,0.319978632478633,2.90812596760268
,,0.320512820512821,2.90817879647444
,,0.321047008547009,2.90823133027517
,,0.321581196581197,2.90828519499065
,,0.322115384615385,2.90834463432775
,,0.322649572649573,2.90841389199337
,,0.323183760683761,2.90849721169438
,,0.323717948717949,2.90859883713769
,,0.324252136752137,2.90872301203015
,,0.324786324786325,2.90887398007868
,,0.325320512820513,2.90905898764451
,,0.325854700854701,2.90928656771075
,,0.326388888888889,2.90954785391892
,,0.326923076923077,2.90983271385035
,,0.327457264957265,2.9101310150864
,,0.327991452991453,2.91043262520841
,,0.328525641025641,2.91072741179772
,,0.329059829059829,2.91100524243567
,,0.329594017094017,2.91125598470362
,,0.330128205128205,2.91147590003732
,,0.330662393162393,2.91168571010413
,,0.331196581196581,2.91188747481726
,,0.331730769230769,2.91208053178165
,,0.332264957264957,2.91226421860223
,,0.332799145299145,2.91243787288395
,,0.333333333333333,2.91260083223173
,,0.333867521367521,2.91275243425052
,,0.334401709401709,2.91289201654526
,,0.334935897435897,2.91301046130841
,,0.335470085470085,2.91307214358833
,,0.336004273504274,2.9130874445509
,,0.336538461538462,2.91307302212206
,,0.33707264957265,2.91304553422774
,,0.337606837606838,2.91302163879389
,,0.338141025641026,2.91301799374642
,,0.338675213675214,2.91305125701127
,,0.339209401709402,2.91313808651438
,,0.33974358974359,2.91328662014024
,,0.340277777777778,2.91345672158387
,,0.340811965811966,2.91363981684981
,,0.341346153846154,2.91383478191615
,,0.341880341880342,2.914040492761
,,0.34241452991453,2.91425582536247
,,0.342948717948718,2.91447965569865
,,0.343482905982906,2.91471085974766
,,0.344017094017094,2.9149483134876
,,0.344551282051282,2.91519416930722
,,0.34508547008547,2.91546713471897
,,0.345619658119658,2.91576168319221
,,0.346153846153846,2.9160673242561
,,0.346688034188034,2.91637356743981
,,0.347222222222222,2.91666992227251
,,0.34775641025641,2.91694589828335
,,0.348290598290598,2.91719100500151
,,0.348824786324786,2.91739475195615
,,0.349358974358974,2.91755176492654
,,0.349893162393162,2.9176992025951
,,0.35042735042735,2.91784664026366
,,0.350961538461538,2.91799407793222
,,0.351495726495727,2.91814151560078
,,0.352029914529915,2.91828895326934
,,0.352564102564103,2.91843639093791
,,0.353098290598291,2.91858382860647
,,0.353632478632479,2.91873126627503
,,0.354166666666667,2.91887870394359
,,0.354700854700855,2.91902614161215
,,0.355235042735043,2.91917357928071
,,0.355769230769231,2.91932101694927
,,0.356303418803419,2.91946845461784
,,0.356837606837607,2.9196158922864
,,0.357371794871795,2.91976332995496
,,0.357905982905983,2.91991076762352
,,0.358440170940171,2.92005820529208
,,0.358974358974359,2.92020973076401
,,0.359508547008547,2.92041575730733
,,0.360042735042735,2.92067768410582
,,0.360576923076923,2.92097802679928
,,0.361111111111111,2.92129930102755
,,0.361645299145299,2.92162402243044
,,0.362179487179487,2.92193470664778
,,0.362713675213675,2.92221386931938
,,0.363247863247863,2.92244402608507
,,0.363782051282051,2.92261021241859
,,0.364316239316239,2.92274568592407
,,0.364850427350427,2.92286867017291
,,0.365384615384615,2.92298256566653
,,0.365918803418803,2.92309077290636
,,0.366452991452991,2.92319669239382
,,0.36698717948718,2.92330372463035
,,0.367521367521368,2.92341527011738
,,0.368055555555556,2.92353472935634
,,0.368589743589744,2.92366519842812
,,0.369123931623932,2.92380172969912
,,0.36965811965812,2.92394136301599
,,0.370192307692308,2.92408400116779
,,0.370726495726496,2.9242295469436
,,0.371260683760684,2.92437790313247
,,0.371794871794872,2.92452897252348
,,0.37232905982906,2.9246826579057
,,0.372863247863248,2.92483886206819
,,0.373397435897436,2.92499877086958
,,0.373931623931624,2.92520446439064
,,0.374465811965812,2.92546418034727
,,0.375,2.9257613085973
,,0.375534188034188,2.92607923899854
,,0.376068376068376,2.92640136140883
,,0.376602564102564,2.92671106568599
,,0.377136752136752,2.92699174168785
,,0.37767094017094,2.92722677927223
,,0.378205128205128,2.92739941271595
,,0.378739316239316,2.9274918544105
,,0.379273504273504,2.92751418922118
,,0.379807692307692,2.92748629377273
,,0.38034188034188,2.92742804468988
,,0.380876068376068,2.92735931859739
,,0.381410256410256,2.92729999211999
,,0.381944444444444,2.92726994188243
,,0.382478632478633,2.92728904450945
,,0.383012820512821,2.92737675816636
,,0.383547008547009,2.92750096830765
,,0.384081196581197,2.92763148696885
,,0.384615384615385,2.92776814845131
,,0.385149572649573,2.92791078705638
,,0.385683760683761,2.92805923708542
,,0.386217948717949,2.92821333283976
,,0.386752136752137,2.92837290862075
,,0.387286324786325,2.92853779872976
,,0.387820512820513,2.92870792835622
,,0.388354700854701,2.92891094436534
,,0.388888888888889,2.9291566035262
,,0.389423076923077,2.92942705452853
,,0.389957264957265,2.92970444606203
,,0.390491452991453,2.92997092681643
,,0.391025641025641,2.93020864548143
,,0.391559829059829,2.93039975074676
,,0.392094017094017,2.93052639130212
,,0.392628205128205,2.93057072291082
,,0.393162393162393,2.93056912899148
,,0.393696581196581,2.93056753507215
,,0.394230769230769,2.93056594115281
,,0.394764957264957,2.93056434723348
,,0.395299145299145,2.93056275331414
,,0.395833333333333,2.93056115939481
,,0.396367521367521,2.93055956547547
,,0.396901709401709,2.93055797155614
,,0.397435897435897,2.93055637763681
,,0.397970085470086,2.93055478371747
,,0.398504273504274,2.93055318979814
,,0.399038461538462,2.9305515958788
,,0.39957264957265,2.93055000195947
,,0.400106837606838,2.93054840804013
,,0.400641025641026,2.9305468141208
,,0.401175213675214,2.93054522020146
,,0.401709401709402,2.93054362628213
,,0.40224358974359,2.93054203236279
,,0.402777777777778,2.93058761186162
,,0.403311965811966,2.93072724425709
,,0.403846153846154,2.93093504396298
,,0.404380341880342,2.93118477899062
,,0.40491452991453,2.93145021735133
,,0.405448717948718,2.93170512705646
,,0.405982905982906,2.93192327611734
,,0.406517094017094,2.93207843254529
,,0.407051282051282,2.93214436435164
,,0.40758547008547,2.93214363198681
,,0.408119658119658,2.93214203806747
,,0.408653846153846,2.93214044414814
,,0.409188034188034,2.9321388502288
,,0.409722222222222,2.93213725630947
,,0.41025641025641,2.93213566239013
,,0.410790598290598,2.9321340684708
,,0.411324786324786,2.93213247455146
,,0.411858974358974,2.93213088063213
,,0.412393162393162,2.93212928671279
,,0.41292735042735,2.93212769279345
,,0.413461538461538,2.93212609887412
,,0.413995726495727,2.93212450495478
,,0.414529914529915,2.93212291103545
,,0.415064102564103,2.93212131711611
,,0.415598290598291,2.93211972319677
,,0.416132478632479,2.93211812927744
,,0.416666666666667,2.9321165353581
,,0.417200854700855,2.93211494143877
,,0.417735042735043,2.93211334751943
,,0.418269230769231,2.9321117536001
,,0.418803418803419,2.93211015968076
,,0.419337606837607,2.93210856576143
,,0.419871794871795,2.93210697184209
,,0.420405982905983,2.93210537792276
,,0.420940170940171,2.93210378400343
,,0.421474358974359,2.93210219008409
,,0.422008547008547,2.93210059616476
,,0.422542735042735,2.93209900224542
,,0.423076923076923,2.93209740832609
,,0.423611111111111,2.93209581440675
,,0.424145299145299,2.93209422048742
,,0.424679487179487,2.93209262656808
,,0.425213675213675,2.93209103264875
,,0.425747863247863,2.93208943872941
,,0.426282051282051,2.93208784481008
,,0.426816239316239,2.93208625089074
,,0.427350427350427,2.93208465697141
,,0.427884615384615,2.93208306305207
,,0.428418803418803,2.93208146913274
,,0.428952991452991,2.9320798752134
,,0.42948717948718,2.93207828129407
,,0.430021367521368,2.93207668737473
,,0.430555555555556,2.9320750934554
,,0.431089743589744,2.93207349953606
,,0.431623931623932,2.93207190561673
,,0.43215811965812,2.9320703116974
,,0.432692307692308,2.93206871777806
,,0.433226495726496,2.93206712385873
,,0.433760683760684,2.93206552993939
,,0.434294871794872,2.93206393602006
,,0.43482905982906,2.93206234210072
,,0.435363247863248,2.93206074818139
,,0.435897435897436,2.93205915426205
,,0.436431623931624,2.93205756034272
,,0.436965811965812,2.93205596642338
,,0.4375,2.93205437250404
,,0.438034188034188,2.93205277858471
,,0.438568376068376,2.93205118466537
,,0.439102564102564,2.93204959074604
,,0.439636752136752,2.9320479968267
,,0.44017094017094,2.93204640290736
,,0.440705128205128,2.93204480898803
,,0.441239316239316,2.93204321506869
,,0.441773504273504,2.93204162114936
,,0.442307692307692,2.93204002723002
,,0.44284188034188,2.93203843331069
,,0.443376068376068,2.93203683939135
,,0.443910256410256,2.93203524547202
,,0.444444444444444,2.93203365155268
,,0.444978632478633,2.93203205763335
,,0.445512820512821,2.93203046371402
,,0.446047008547009,2.93202886979468
,,0.446581196581197,2.93202727587535
,,0.447115384615385,2.93202568195601
,,0.447649572649573,2.93202408803668
,,0.448183760683761,2.93202249411734
,,0.448717948717949,2.93202090019801
,,0.449252136752137,2.93201930627867
,,0.449786324786325,2.93201771235934
,,0.450320512820513,2.93201611844
,,0.450854700854701,2.93201452452067
,,0.451388888888889,2.93201293060133
,,0.451923076923077,2.932011336682
,,0.452457264957265,2.93200974276266
,,0.452991452991453,2.93200814884333
,,0.453525641025641,2.93200655492399
,,0.454059829059829,2.93200496100466
,,0.454594017094017,2.93200336708532
,,0.455128205128205,2.93200177316599
,,0.455662393162393,2.93200017924665
,,0.456196581196581,2.93199858532732
,,0.456730769230769,2.93199699140798
,,0.457264957264957,2.93199539748865
,,0.457799145299145,2.93199380356932
,,0.458333333333333,2.93199220964998
,,0.458867521367521,2.93199061573065
,,0.459401709401709,2.93198902181131
,,0.459935897435897,2.93198742789198
,,0.460470085470085,2.93198583397264
,,0.461004273504274,2.93198424005331
,,0.461538461538462,2.93198264613397
,,0.46207264957265,2.93198105221463
,,0.462606837606838,2.9319794582953
,,0.463141025641026,2.93197786437596
,,0.463675213675214,2.93197627045662
,,0.464209401709402,2.93197467653729
,,0.46474358974359,2.93197308261795
,,0.465277777777778,2.93197148869862
,,0.465811965811966,2.93196989477928
,,0.466346153846154,2.93196830085995
,,0.466880341880342,2.93196670694061
,,0.46741452991453,2.93196511302128
,,0.467948717948718,2.93196351910194
,,0.468482905982906,2.93196192518261
,,0.469017094017094,2.93196033126328
,,0.469551282051282,2.93195873734394
,,0.47008547008547,2.93195714342461
,,0.470619658119658,2.93195554950527
,,0.471153846153846,2.93195395558594
,,0.471688034188034,2.9319523616666
,,0.472222222222222,2.93195076774727
,,0.47275641025641,2.93194917382793
,,0.473290598290598,2.9319475799086
,,0.473824786324786,2.93194598598926
,,0.474358974358974,2.93194439206993
,,0.474893162393162,2.93194279815059
,,0.47542735042735,2.93194120423126
,,0.475961538461538,2.93193961031192
,,0.476495726495727,2.93193801639259
,,0.477029914529915,2.93193642247325
,,0.477564102564103,2.93193482855392
,,0.478098290598291,2.93193323463458
,,0.478632478632479,2.93193164071525
,,0.479166666666667,2.93193004679591
,,0.479700854700855,2.93192845287658
,,0.480235042735043,2.93192685895724
,,0.480769230769231,2.93192526503791
,,0.481303418803419,2.93192367111858
,,0.481837606837607,2.93192207719924
,,0.482371794871795,2.93192048327991
,,0.482905982905983,2.93191888936057
,,0.483440170940171,2.93191729544124
,,0.483974358974359,2.9319157015219
,,0.484508547008547,2.93191410760257
,,0.485042735042735,2.93191251368323
,,0.485576923076923,2.9319109197639
,,0.486111111111111,2.93190932584456
,,0.486645299145299,2.93190773192522
,,0.487179487179487,2.93190613800589
,,0.487713675213675,2.93190454408655
,,0.488247863247863,2.93190295016721
,,0.488782051282051,2.93190135624788
,,0.489316239316239,2.93189976232854
,,0.489850427350427,2.93189816840921
,,0.490384615384615,2.93189657448987
,,0.490918803418803,2.93189498057054
,,0.491452991452991,2.9318933866512
,,0.49198717948718,2.93189179273187
,,0.492521367521368,2.93189019881254
,,0.493055555555556,2.9318886048932
,,0.493589743589744,2.93188701097387
,,0.494123931623932,2.93188541705453
,,0.49465811965812,2.9318838231352
,,0.495192307692308,2.93188222921586
,,0.495726495726496,2.93188063529653
,,0.496260683760684,2.93187904137719
,,0.496794871794872,2.93187744745786
,,0.49732905982906,2.93187585353852
,,0.497863247863248,2.93187425961919
,,0.498397435897436,2.93187266569985
,,0.498931623931624,2.93187111529626
,,0.499465811965812,2.93189487159694
,,0.5,2.93196008785302
,,0.500534188034188,2.93205911238664
,,0.501068376068376,2.93218429351995
,,0.501602564102564,2.93232797957509
,,0.502136752136752,2.93248251887419
,,0.50267094017094,2.9326402597394
,,0.503205128205128,2.93279355049286
,,0.503739316239316,2.93293473945672
,,0.504273504273504,2.93306931275013
,,0.504807692307692,2.9332077823246
,,0.50534188034188,2.93334985018497
,,0.505876068376068,2.93349521825627
,,0.506410256410256,2.93364358846354
,,0.506944444444444,2.93379466273182
,,0.507478632478633,2.93394814298615
,,0.508012820512821,2.93410373115156
,,0.508547008547009,2.93426112915308
,,0.509081196581197,2.93446141078716
,,0.509615384615385,2.9347379951287
,,0.510149572649573,2.93506556095044
,,0.510683760683761,2.93541867566675
,,0.511217948717949,2.93577190669202
,,0.511752136752137,2.93609982144063
,,0.512286324786325,2.93637698732696
,,0.512820512820513,2.93657797176539
,,0.513354700854701,2.9366773421703
,,0.513888888888889,2.93669357875901
,,0.514423076923077,2.93668281441733
,,0.514957264957265,2.93665182203714
,,0.515491452991453,2.93660696304614
,,0.516025641025641,2.93655459887207
,,0.516559829059829,2.93650109094265
,,0.517094017094017,2.9364528006856
,,0.517628205128205,2.93641608952865
,,0.518162393162393,2.93639731889952
,,0.518696581196581,2.93639246767538
,,0.519230769230769,2.93638731676961
,,0.519764957264957,2.93638215501222
,,0.520299145299145,2.93637751245859
,,0.520833333333333,2.93637391916413
,,0.521367521367521,2.93637190518423
,,0.521901709401709,2.93637200057428
,,0.522435897435897,2.9363747353897
,,0.522970085470085,2.93638063968586
,,0.523504273504273,2.93639375067148
,,0.524038461538462,2.93641906299896
,,0.52457264957265,2.93645312539801
,,0.525106837606838,2.93649229373309
,,0.525641025641026,2.93653292386869
,,0.526175213675214,2.93657137166927
,,0.526709401709402,2.93660399299932
,,0.52724358974359,2.93662714372331
,,0.527777777777778,2.93663717970571
,,0.528311965811966,2.93663041880988
,,0.528846153846154,2.93660734306709
,,0.529380341880342,2.93657225517488
,,0.52991452991453,2.93652952849388
,,0.530448717948718,2.93648353638472
,,0.530982905982906,2.93643865220803
,,0.531517094017094,2.93639924932444
,,0.532051282051282,2.93636970109458
,,0.53258547008547,2.93635438087907
,,0.533119658119658,2.93635208759228
,,0.533653846153846,2.93635049367295
,,0.534188034188034,2.93634889975361
,,0.534722222222222,2.93634730583427
,,0.53525641025641,2.93634571191493
,,0.535790598290598,2.9363441179956
,,0.536324786324786,2.93634252407626
,,0.536858974358974,2.93634093015692
,,0.537393162393162,2.93633933623759
,,0.53792735042735,2.93633774231825
,,0.538461538461538,2.93633614839892
,,0.538995726495727,2.93633455447958
,,0.539529914529915,2.93633296056025
,,0.540064102564103,2.93633136664091
,,0.540598290598291,2.93632977272158
,,0.541132478632479,2.93632817880225
,,0.541666666666667,2.93632658488291
,,0.542200854700855,2.93632499096358
,,0.542735042735043,2.93631823241076
,,0.543269230769231,2.9362910530334
,,0.543803418803419,2.93624828553267
,,0.544337606837607,2.93619648988464
,,0.544871794871795,2.93614222606536
,,0.545405982905983,2.93609205405087
,,0.545940170940171,2.93605253381723
,,0.546474358974359,2.93603022534048
,,0.547008547008547,2.93603168859669
,,0.547542735042735,2.93605732791282
,,0.548076923076923,2.93608554208017
,,0.548611111111111,2.93611375624752
,,0.549145299145299,2.93614197041487
,,0.549679487179487,2.93617018458222
,,0.550213675213675,2.93619839874957
,,0.550747863247863,2.93622661291692
,,0.551282051282051,2.93625482708426
,,0.551816239316239,2.93628304125161
,,0.552350427350427,2.93631125541896
,,0.552884615384615,2.93633946958631
,,0.553418803418804,2.93636768375366
,,0.553952991452992,2.93639589792101
,,0.55448717948718,2.93642411208836
,,0.555021367521368,2.93645232625571
,,0.555555555555556,2.93648054042306
,,0.556089743589744,2.93650875459041
,,0.556623931623932,2.93653696875776
,,0.55715811965812,2.93655821589064
,,0.557692307692308,2.93653697374426
,,0.558226495726496,2.93647820004631
,,0.558760683760684,2.93639370323652
,,0.559294871794872,2.9362952917546
,,0.55982905982906,2.9361947740403
,,0.560363247863248,2.93610395853332
,,0.560897435897436,2.9360346536734
,,0.561431623931624,2.93599866790026
,,0.561965811965812,2.93600560401895
,,0.5625,2.93604507540149
,,0.563034188034188,2.93610727397051
,,0.563568376068376,2.93618432871771
,,0.564102564102564,2.9362683686348
,,0.564636752136752,2.93635152271345
,,0.56517094017094,2.93642591994537
,,0.565705128205128,2.93648368932225
,,0.566239316239316,2.93651695983579
,,0.566773504273504,2.93652126047707
,,0.567307692307692,2.93651966655774
,,0.56784188034188,2.9365180726384
,,0.568376068376068,2.93651647871907
,,0.568910256410256,2.93651488479973
,,0.569444444444444,2.9365132908804
,,0.569978632478633,2.93651169696106
,,0.570512820512821,2.93651010304173
,,0.571047008547009,2.93650850912239
,,0.571581196581197,2.93650691520306
,,0.572115384615385,2.93650532128372
,,0.572649572649573,2.93650372736439
,,0.573183760683761,2.93650213344505
,,0.573717948717949,2.93650053952572
,,0.574252136752137,2.93649894560638
,,0.574786324786325,2.93649735168705
,,0.575320512820513,2.93649575776771
,,0.575854700854701,2.93649416384838
,,0.576388888888889,2.93649256992904
,,0.576923076923077,2.93649097600971
,,0.577457264957265,2.93648938209037
,,0.577991452991453,2.93648778817104
,,0.578525641025641,2.9364861942517
,,0.579059829059829,2.93648460033236
,,0.579594017094017,2.93648300641303
,,0.580128205128205,2.93648141249369
,,0.580662393162393,2.93647981857436
,,0.581196581196581,2.93647914142684
,,0.581730769230769,2.93649388880324
,,0.582264957264957,2.93652684504112
,,0.582799145299145,2.93657509489837
,,0.583333333333333,2.93663572313292
,,0.583867521367521,2.93670581450267
,,0.584401709401709,2.93678245376554
,,0.584935897435897,2.93686272567942
,,0.585470085470086,2.93694371500224
,,0.586004273504273,2.93702395236437
,,0.586538461538462,2.93713090894173
,,0.58707264957265,2.93726727238784
,,0.587606837606838,2.93742138311846
,,0.588141025641026,2.93758158154935
,,0.588675213675214,2.93773620809624
,,0.589209401709402,2.9378736031749
,,0.58974358974359,2.93798210720108
,,0.590277777777778,2.93805006059053
,,0.590811965811966,2.93806707292436
,,0.591346153846154,2.93806547900502
,,0.591880341880342,2.93806388508569
,,0.59241452991453,2.93806229116635
,,0.592948717948718,2.93806069724702
,,0.593482905982906,2.93805910332768
,,0.594017094017094,2.93805750940835
,,0.594551282051282,2.93805591548901
,,0.59508547008547,2.93805432156968
,,0.595619658119658,2.93805272765034
,,0.596153846153846,2.93805113373101
,,0.596688034188034,2.93804953981167
,,0.597222222222222,2.93804794589234
,,0.59775641025641,2.938046351973
,,0.598290598290598,2.93804475805367
,,0.598824786324786,2.93804316413433
,,0.599358974358974,2.938041570215
,,0.599893162393162,2.93803997629566
,,0.60042735042735,2.93803838237633
,,0.600961538461539,2.93803678845699
,,0.601495726495727,2.93803519453766
,,0.602029914529915,2.93803360061832
,,0.602564102564103,2.93803200669899
,,0.603098290598291,2.93803041277965
,,0.603632478632479,2.93802881886031
,,0.604166666666667,2.93802722494098
,,0.604700854700855,2.93802563102164
,,0.605235042735043,2.93802403710231
,,0.605769230769231,2.93802244318297
,,0.606303418803419,2.93802084926364
,,0.606837606837607,2.9380192553443
,,0.607371794871795,2.93801766142497
,,0.607905982905983,2.93801606750563
,,0.608440170940171,2.9380144735863
,,0.608974358974359,2.93801287966696
,,0.609508547008547,2.93801128574763
,,0.610042735042735,2.93800969182829
,,0.610576923076923,2.93800809790896
,,0.611111111111111,2.93800650398962
,,0.611645299145299,2.93800491007029
,,0.612179487179487,2.93800331615095
,,0.612713675213675,2.93800172223162
,,0.613247863247863,2.93800012831229
,,0.613782051282051,2.93799853439295
,,0.614316239316239,2.93799694047362
,,0.614850427350427,2.93799534655428
,,0.615384615384615,2.93799375263495
,,0.615918803418804,2.93799215871561
,,0.616452991452992,2.93799056479628
,,0.61698717948718,2.93798897087694
,,0.617521367521368,2.93798737695761
,,0.618055555555556,2.93798578303827
,,0.618589743589744,2.93798418911894
,,0.619123931623932,2.9379825951996
,,0.61965811965812,2.93798100128027
,,0.620192307692308,2.93799199291409
,,0.620726495726496,2.9380295126402
,,0.621260683760684,2.93809033898605
,,0.621794871794872,2.93817119251514
,,0.62232905982906,2.93826879379097
,,0.622863247863248,2.93837986337704
,,0.623397435897436,2.93850112183684
,,0.623931623931624,2.93862928973387
,,0.624465811965812,2.93876108763163
,,0.625,2.93889579097194
,,0.625534188034188,2.93903687308702
,,0.626068376068376,2.93918600067353
,,0.626602564102564,2.93934481319426
,,0.627136752136752,2.93951495011202
,,0.62767094017094,2.9396980508896
,,0.628205128205128,2.93989575498981
,,0.628739316239316,2.94010970187544
,,0.629273504273504,2.94034153100929
,,0.629807692307692,2.9405877023233
,,0.63034188034188,2.94083968351178
,,0.630876068376068,2.94109698865265
,,0.631410256410256,2.94135929004696
,,0.631944444444444,2.94162625999572
,,0.632478632478633,2.94189757079997
,,0.633012820512821,2.94217289476074
,,0.633547008547009,2.94245190417905
,,0.634081196581197,2.94273427135594
,,0.634615384615385,2.94302423621124
,,0.635149572649573,2.94332813209406
,,0.635683760683761,2.94364102094944
,,0.636217948717949,2.94395765797255
,,0.636752136752137,2.94427279835858
,,0.637286324786325,2.94458119730271
,,0.637820512820513,2.94487761000011
,,0.638354700854701,2.94515679164598
,,0.638888888888889,2.94541349743549
,,0.639423076923077,2.94565118274817
,,0.639957264957265,2.94588802875595
,,0.640491452991453,2.94612487476373
,,0.641025641025641,2.9463617207715
,,0.641559829059829,2.94659856677928
,,0.642094017094017,2.94683541278705
,,0.642628205128205,2.94707225879483
,,0.643162393162393,2.9473091048026
,,0.643696581196581,2.94754595081037
,,0.644230769230769,2.94778279681815
,,0.644764957264957,2.94801964282592
,,0.645299145299145,2.94825648883369
,,0.645833333333333,2.94849333484147
,,0.646367521367521,2.94873018084924
,,0.646901709401709,2.94896702685701
,,0.647435897435898,2.94920387286479
,,0.647970085470086,2.94944071887256
,,0.648504273504274,2.94967756488033
,,0.649038461538462,2.94991441088811
,,0.64957264957265,2.95015125689588
,,0.650106837606838,2.95038810290365
,,0.650641025641026,2.95062494891143
,,0.651175213675214,2.9508617949192
,,0.651709401709402,2.95109864092697
,,0.65224358974359,2.95133548693475
,,0.652777777777778,2.95157233294252
,,0.653311965811966,2.9518091789503
,,0.653846153846154,2.95206792944229
,,0.654380341880342,2.95242025738711
,,0.65491452991453,2.95284864093281
,,0.655448717948718,2.95332686073656
,,0.655982905982906,2.95382869745553
,,0.656517094017094,2.95432793174689
,,0.657051282051282,2.95479834426782
,,0.65758547008547,2.95521371567548
,,0.658119658119658,2.95554782662706
,,0.658653846153846,2.95579184224528
,,0.659188034188034,2.95600915118839
,,0.659722222222222,2.95621034467384
,,0.66025641025641,2.95639746286218
,,0.660790598290598,2.95657254591395
,,0.661324786324786,2.95673763398969
,,0.661858974358974,2.95689476724993
,,0.662393162393162,2.95704598585521
,,0.66292735042735,2.95719332996608
,,0.663461538461538,2.95733518237533
,,0.663995726495727,2.95745617880813
,,0.664529914529915,2.95756043077039
,,0.665064102564103,2.9576550792983
,,0.665598290598291,2.95774726542803
,,0.666132478632479,2.95784413019575
,,0.666666666666667,2.95795281463764
,,0.667200854700855,2.95808045978988
,,0.667735042735043,2.95823420668864
,,0.668269230769231,2.95842550140817
,,0.668803418803419,2.95868045413885
,,0.669337606837607,2.95898953463936
,,0.669871794871795,2.95933744573375
,,0.670405982905983,2.9597088902461
,,0.670940170940171,2.96008857100048
,,0.671474358974359,2.96046119082097
,,0.672008547008547,2.96081145253162
,,0.672542735042735,2.96112405895652
,,0.673076923076923,2.96138661367537
,,0.673611111111111,2.96161412700324
,,0.674145299145299,2.96181804788712
,,0.674679487179487,2.96200638980113
,,0.675213675213675,2.9621871662194
,,0.675747863247863,2.96236839061605
,,0.676282051282051,2.96255807646522
,,0.676816239316239,2.96276423724102
,,0.677350427350427,2.96299488641758
,,0.677884615384615,2.96325920058173
,,0.678418803418804,2.96356976694425
,,0.678952991452992,2.96391887613746
,,0.67948717948718,2.96429492973298
,,0.680021367521368,2.96468632930248
,,0.680555555555556,2.96508147641758
,,0.681089743589744,2.96546877264995
,,0.681623931623932,2.96583661957121
,,0.68215811965812,2.96617341875302
,,0.682692307692308,2.96646656005883
,,0.683226495726496,2.96670057912679
,,0.683760683760684,2.96688519788788
,,0.684294871794872,2.96703548004659
,,0.68482905982906,2.96716648930738
,,0.685363247863248,2.96729328937475
,,0.685897435897436,2.96743094395315
,,0.686431623931624,2.96759451674708
,,0.686965811965812,2.967799071461
,,0.6875,2.96806134643188
,,0.688034188034188,2.96841058483597
,,0.688568376068376,2.96883382504136
,,0.689102564102564,2.96930627753407
,,0.689636752136752,2.96980315280011
,,0.69017094017094,2.9702996613255
,,0.690705128205128,2.97077101359626
,,0.691239316239316,2.9711924200984
,,0.691773504273504,2.97153909131794
,,0.692307692307692,2.9717896313773
,,0.69284188034188,2.97199567803977
,,0.693376068376068,2.97218353025903
,,0.693910256410256,2.97235433785159
,,0.694444444444444,2.97250925063398
,,0.694978632478633,2.97264941842271
,,0.695512820512821,2.97277599103432
,,0.696047008547009,2.97289011828533
,,0.696581196581197,2.97299294999225
,,0.697115384615385,2.97308507801878
,,0.697649572649573,2.97315344065105
,,0.698183760683761,2.97319872194
,,0.698717948717949,2.97322982332819
,,0.699252136752137,2.97325564625818
,,0.699786324786325,2.97328509217252
,,0.700320512820513,2.97332706251377
,,0.700854700854701,2.97339045872449
,,0.701388888888889,2.97348418224723
,,0.701923076923077,2.97361675527548
,,0.702457264957265,2.97377776047618
,,0.702991452991453,2.97395690603176
,,0.703525641025641,2.97415150187242
,,0.704059829059829,2.97435885792838
,,0.704594017094017,2.97457628412981
,,0.705128205128205,2.97480109040694
,,0.705662393162393,2.97503058668995
,,0.706196581196581,2.97526208290905
,,0.706730769230769,2.9754933161712
,,0.707264957264957,2.97575202485407
,,0.707799145299145,2.97604594583467
,,0.708333333333333,2.97636073323951
,,0.708867521367521,2.97668204119505
,,0.709401709401709,2.97699552382778
,,0.709935897435898,2.97728683526419
,,0.710470085470086,2.97754162963076
,,0.711004273504274,2.97774556105398
,,0.711538461538462,2.97788444719411
,,0.71207264957265,2.97797633174875
,,0.712606837606838,2.97804358996511
,,0.713141025641026,2.9780898660724
,,0.713675213675214,2.97811880429984
,,0.714209401709402,2.97813404887665
,,0.71474358974359,2.97813924403204
,,0.715277777777778,2.97813803399523
,,0.715811965811966,2.97813406299545
,,0.716346153846154,2.97813097231472
,,0.716880341880342,2.97812937839539
,,0.71741452991453,2.97812778447605
,,0.717948717948718,2.97812619055672
,,0.718482905982906,2.97812459663738
,,0.719017094017094,2.97812300271805
,,0.719551282051282,2.97812140879871
,,0.72008547008547,2.97811981487938
,,0.720619658119658,2.97811822096004
,,0.721153846153846,2.97811662704071
,,0.721688034188034,2.97811503312137
,,0.722222222222222,2.97811343920204
,,0.72275641025641,2.9781118452827
,,0.723290598290598,2.97811025136337
,,0.723824786324786,2.97810865744403
,,0.724358974358974,2.9781070635247
,,0.724893162393162,2.97810546960536
,,0.72542735042735,2.97810387568603
,,0.725961538461538,2.97810228176669
,,0.726495726495727,2.97816555685101
,,0.727029914529915,2.97835298423046
,,0.727564102564103,2.9786332967631
,,0.728098290598291,2.97897502082603
,,0.728632478632479,2.97934668279635
,,0.729166666666667,2.97971680905116
,,0.729700854700855,2.98005392596756
,,0.730235042735043,2.98032655992265
,,0.730769230769231,2.98050323729353
,,0.731303418803419,2.98060487860064
,,0.731837606837607,2.98069616832366
,,0.732371794871795,2.98078042529281
,,0.732905982905983,2.9808604185329
,,0.733440170940171,2.98093891706875
,,0.733974358974359,2.9810186899252
,,0.734508547008547,2.98110250612705
,,0.735042735042735,2.98119313469913
,,0.735576923076923,2.98129334466626
,,0.736111111111111,2.98140905569154
,,0.736645299145299,2.98154255784059
,,0.737179487179487,2.98168668278041
,,0.737713675213675,2.98183414327807
,,0.738247863247863,2.98197765210063
,,0.738782051282051,2.98210992201513
,,0.739316239316239,2.98222366578865
,,0.739850427350427,2.98231159618824
,,0.740384615384615,2.98236642598095
,,0.740918803418804,2.98239535404555
,,0.741452991452992,2.9824235682129
,,0.74198717948718,2.98245178238025
,,0.742521367521368,2.9824799965476
,,0.743055555555556,2.98250821071495
,,0.743589743589744,2.9825364248823
,,0.744123931623932,2.98256463904965
,,0.74465811965812,2.982592853217
,,0.745192307692308,2.98262106738434
,,0.745726495726496,2.98264928155169
,,0.746260683760684,2.98267749571904
,,0.746794871794872,2.98270570988639
,,0.74732905982906,2.98273392405374
,,0.747863247863248,2.98276213822108
,,0.748397435897436,2.98279035238843
,,0.748931623931624,2.98281856655578
,,0.749465811965812,2.98284678072313
,,0.75,2.98287499489048
,,0.750534188034188,2.98292559111411
,,0.751068376068376,2.98304985636181
,,0.751602564102564,2.98323480076244
,,0.752136752136752,2.98346403049071
,,0.75267094017094,2.9837211517213
,,0.753205128205128,2.9839897706289
,,0.753739316239316,2.98425349338819
,,0.754273504273504,2.98449592617387
,,0.754807692307692,2.98470067516063
,,0.75534188034188,2.98486730373958
,,0.755876068376068,2.98503500273788
,,0.756410256410256,2.98520378161731
,,0.756944444444444,2.98537036131442
,,0.757478632478633,2.98553146276578
,,0.758012820512821,2.98568380690793
,,0.758547008547009,2.98582411467744
,,0.759081196581197,2.98594910701086
,,0.759615384615385,2.98605550484475
,,0.760149572649573,2.98614483456939
,,0.760683760683761,2.98623266225638
,,0.761217948717949,2.98632048994336
,,0.761752136752137,2.98640831763034
,,0.762286324786325,2.98649614531732
,,0.762820512820513,2.9865839730043
,,0.763354700854701,2.98667180069129
,,0.763888888888889,2.98675962837827
,,0.764423076923077,2.98684745606525
,,0.764957264957265,2.98693541046742
,,0.765491452991453,2.9870239202268
,,0.766025641025641,2.98711279585936
,,0.766559829059829,2.98720178030498
,,0.767094017094017,2.98729061650351
,,0.767628205128205,2.9873790473948
,,0.768162393162393,2.98746681591871
,,0.768696581196581,2.98755366501511
,,0.769230769230769,2.98763933762385
,,0.769764957264957,2.98771830134826
,,0.770299145299145,2.98776655391114
,,0.770833333333333,2.98778655735175
,,0.771367521367521,2.98778461404398
,,0.771901709401709,2.98776702636174
,,0.772435897435898,2.98774009667891
,,0.772970085470086,2.98771012736941
,,0.773504273504274,2.98768342080712
,,0.774038461538462,2.98766627936595
,,0.77457264957265,2.98766246801139
,,0.775106837606838,2.98766087409205
,,0.775641025641026,2.98765928017272
,,0.776175213675214,2.98765768625339
,,0.776709401709402,2.98765609233405
,,0.77724358974359,2.98765449841472
,,0.777777777777778,2.98765290449538
,,0.778311965811966,2.98765131057605
,,0.778846153846154,2.98764971665671
,,0.779380341880342,2.98764812273738
,,0.77991452991453,2.98764652881804
,,0.780448717948718,2.98764493489871
,,0.780982905982906,2.98764334097937
,,0.781517094017094,2.98764174706004
,,0.782051282051282,2.9876401531407
,,0.78258547008547,2.98763855922137
,,0.783119658119658,2.98763696530203
,,0.783653846153846,2.9876353713827
,,0.784188034188034,2.98763420951224
,,0.784722222222222,2.98763739016448
,,0.78525641025641,2.98764628790539
,,0.785790598290598,2.98766144940706
,,0.786324786324786,2.9876834213416
,,0.786858974358974,2.98771275038111
,,0.787393162393162,2.98774998319768
,,0.78792735042735,2.98779566646341
,,0.788461538461538,2.98785034685041
,,0.788995726495727,2.98792418248036
,,0.789529914529915,2.98811012539108
,,0.790064102564103,2.98840613466172
,,0.790598290598291,2.98878033995945
,,0.791132478632479,2.98920087095142
,,0.791666666666667,2.9896358573048
,,0.792200854700855,2.99005342868674
,,0.792735042735043,2.99042171476441
,,0.793269230769231,2.99070884520496
,,0.793803418803419,2.99088997062858
,,0.794337606837607,2.99103782047488
,,0.794871794871795,2.99117941790662
,,0.795405982905983,2.99131391275702
,,0.795940170940171,2.99144045485927
,,0.796474358974359,2.99155819404658
,,0.797008547008547,2.99166628015216
,,0.797542735042735,2.9917638630092
,,0.798076923076923,2.99185009245092
,,0.798611111111111,2.99192490187236
,,0.799145299145299,2.99200071111189
,,0.799679487179487,2.9920794883135
,,0.800213675213675,2.99215783251682
,,0.800747863247863,2.99223234276145
,,0.801282051282051,2.99229961808703
,,0.801816239316239,2.99235625753318
,,0.802350427350427,2.99239886013952
,,0.802884615384615,2.99242402494568
,,0.803418803418804,2.99242901281938
,,0.803952991452992,2.99242741890005
,,0.80448717948718,2.99242582498071
,,0.805021367521368,2.99242423106138
,,0.805555555555556,2.99242263714204
,,0.806089743589744,2.99242104322271
,,0.806623931623932,2.99241944930337
,,0.80715811965812,2.99241785538404
,,0.807692307692308,2.9924162614647
,,0.808226495726496,2.99241466754537
,,0.808760683760684,2.99241307362603
,,0.809294871794872,2.9924114797067
,,0.80982905982906,2.99240988578736
,,0.810363247863248,2.99240829186803
,,0.810897435897436,2.99240669794869
,,0.811431623931624,2.99240510402936
,,0.811965811965812,2.99240351011003
,,0.8125,2.99240191619069
,,0.813034188034188,2.99240032227136
,,0.813568376068376,2.99239872835202
,,0.814102564102564,2.99239713443268
,,0.814636752136752,2.99239554051335
,,0.81517094017094,2.99239394659401
,,0.815705128205128,2.99239235267468
,,0.816239316239316,2.99239075875534
,,0.816773504273504,2.992389164836
,,0.817307692307692,2.99238757091667
,,0.81784188034188,2.99238597699733
,,0.818376068376068,2.992384383078
,,0.818910256410256,2.99238278915866
,,0.819444444444444,2.99238119523933
,,0.819978632478633,2.99237960131999
,,0.820512820512821,2.99237800740066
,,0.821047008547009,2.99237641348132
,,0.821581196581197,2.99237481956199
,,0.822115384615385,2.99237322564265
,,0.822649572649573,2.99237163172332
,,0.823183760683761,2.99237003780399
,,0.823717948717949,2.99236844388465
,,0.824252136752137,2.99236684996532
,,0.824786324786325,2.99236525604598
,,0.825320512820513,2.99236366212665
,,0.825854700854701,2.99236206820731
,,0.826388888888889,2.99236047428798
,,0.826923076923077,2.99235888036864
,,0.827457264957265,2.99235728644931
,,0.827991452991453,2.99235569252997
,,0.828525641025641,2.99235409861064
,,0.829059829059829,2.9923525046913
,,0.829594017094017,2.99235091077197
,,0.830128205128205,2.99234931685263
,,0.830662393162393,2.9923477229333
,,0.831196581196581,2.99234612901396
,,0.831730769230769,2.99234453509463
,,0.832264957264957,2.99234294117529
,,0.832799145299145,2.99234134725596
,,0.833333333333333,2.99233975333662
,,0.833867521367521,2.99233815941729
,,0.834401709401709,2.99233656549795
,,0.834935897435898,2.99233497157862
,,0.835470085470086,2.99233337765929
,,0.836004273504274,2.99233178373995
,,0.836538461538462,2.99233018982062
,,0.83707264957265,2.99232859590128
,,0.837606837606838,2.99232700198195
,,0.838141025641026,2.99232540806261
,,0.838675213675214,2.99232381414327
,,0.839209401709402,2.99232222022394
,,0.83974358974359,2.9923206263046
,,0.840277777777778,2.99231903238526
,,0.840811965811966,2.99231743846593
,,0.841346153846154,2.99231584454659
,,0.841880341880342,2.99231425062726
,,0.84241452991453,2.99231265670792
,,0.842948717948718,2.99231106278859
,,0.843482905982906,2.99230946886925
,,0.844017094017094,2.99230787494992
,,0.844551282051282,2.99230628103058
,,0.84508547008547,2.99230468711125
,,0.845619658119658,2.99230309319191
,,0.846153846153846,2.99230149927258
,,0.846688034188034,2.99229990535324
,,0.847222222222222,2.99229831143391
,,0.84775641025641,2.99229671751457
,,0.848290598290598,2.99229512359524
,,0.848824786324786,2.99229352967591
,,0.849358974358974,2.99229193575657
,,0.849893162393162,2.99229034183724
,,0.85042735042735,2.9922887479179
,,0.850961538461538,2.99228715399857
,,0.851495726495727,2.99228556007923
,,0.852029914529915,2.9922839661599
,,0.852564102564103,2.99228237224056
,,0.853098290598291,2.99228077832123
,,0.853632478632479,2.99227918440189
,,0.854166666666667,2.99227759048256
,,0.854700854700855,2.99227599656322
,,0.855235042735043,2.99227440264389
,,0.855769230769231,2.99227280872455
,,0.856303418803419,2.99227121480522
,,0.856837606837607,2.99226962088588
,,0.857371794871795,2.99226802696655
,,0.857905982905983,2.99226643304721
,,0.858440170940171,2.99226483912788
,,0.858974358974359,2.99226324520854
,,0.859508547008547,2.99226165128921
,,0.860042735042735,2.99226005736988
,,0.860576923076923,2.99225846345054
,,0.861111111111111,2.99225686953121
,,0.861645299145299,2.99225527561187
,,0.862179487179487,2.99225368169253
,,0.862713675213675,2.9922520877732
,,0.863247863247863,2.99225049385386
,,0.863782051282051,2.99224889993453
,,0.864316239316239,2.99224730601519
,,0.864850427350427,2.99224571209585
,,0.865384615384615,2.99224411817652
,,0.865918803418804,2.99224252425718
,,0.866452991452992,2.99224093033785
,,0.86698717948718,2.99223933641851
,,0.867521367521368,2.99223774249918
,,0.868055555555556,2.99223614857984
,,0.868589743589744,2.99223455466051
,,0.869123931623932,2.99223296074117
,,0.86965811965812,2.99223136682184
,,0.870192307692308,2.9922297729025
,,0.870726495726496,2.99222817898317
,,0.871260683760684,2.99222658506383
,,0.871794871794872,2.9922249911445
,,0.87232905982906,2.99222339722517
,,0.872863247863248,2.99222180330583
,,0.873397435897436,2.9922202093865
,,0.873931623931624,2.99221861546716
,,0.874465811965812,2.99221702154783
,,0.875,2.99221542762849
,,0.875534188034188,2.99221383370916
,,0.876068376068376,2.99221223978982
,,0.876602564102564,2.99221064587049
,,0.877136752136752,2.99220905195115
,,0.87767094017094,2.99220745803182
,,0.878205128205128,2.99220586411248
,,0.878739316239316,2.99220427019315
,,0.879273504273504,2.99220267627381
,,0.879807692307692,2.99220108235448
,,0.88034188034188,2.99219948843514
,,0.880876068376068,2.99219789451581
,,0.881410256410256,2.99219630059647
,,0.881944444444444,2.99219470667714
,,0.882478632478633,2.9921931127578
,,0.883012820512821,2.99219151883847
,,0.883547008547009,2.99218992491914
,,0.884081196581197,2.9921883309998
,,0.884615384615385,2.99218673708047
,,0.885149572649573,2.99218514316113
,,0.885683760683761,2.9921835492418
,,0.886217948717949,2.99218195532246
,,0.886752136752137,2.99218036140312
,,0.887286324786325,2.99217876748379
,,0.887820512820513,2.99217717356445
,,0.888354700854701,2.99217557964512
,,0.888888888888889,2.99217398572578
,,0.889423076923077,2.99217239180644
,,0.889957264957265,2.99217079788711
,,0.890491452991453,2.99216920396777
,,0.891025641025641,2.99216761004844
,,0.891559829059829,2.9921660161291
,,0.892094017094017,2.99216442220977
,,0.892628205128205,2.99216282829043
,,0.893162393162393,2.9921612343711
,,0.893696581196581,2.99215964045176
,,0.894230769230769,2.99215804653243
,,0.894764957264957,2.99215645261309
,,0.895299145299145,2.99215485869376
,,0.895833333333333,2.99215326477443
,,0.896367521367521,2.99215167085509
,,0.896901709401709,2.99215007693576
,,0.897435897435898,2.99214848301642
,,0.897970085470086,2.99214688909709
,,0.898504273504274,2.99214529517775
,,0.899038461538462,2.99214370125842
,,0.89957264957265,2.99214210733908
,,0.900106837606838,2.99214111120037
,,0.900641025641026,2.99214731252097
,,0.901175213675214,2.99216175430311
,,0.901709401709402,2.9921834429358
,,0.90224358974359,2.99221138480807
,,0.902777777777778,2.99224458630895
,,0.903311965811966,2.99228205382746
,,0.903846153846154,2.99232279375262
,,0.904380341880342,2.99236581247346
,,0.90491452991453,2.99241209063837
,,0.905448717948718,2.9924895294656
,,0.905982905982906,2.9926060390426
,,0.906517094017094,2.99275978570774
,,0.907051282051282,2.99294893579942
,,0.90758547008547,2.99317165565604
,,0.908119658119658,2.99342611161597
,,0.908653846153846,2.99371047001762
,,0.909188034188034,2.99402289719936
,,0.909722222222222,2.99436246969844
,,0.91025641025641,2.99474434660728
,,0.910790598290598,2.99517063027553
,,0.911324786324786,2.99563620905964
,,0.911858974358974,2.99613597131606
,,0.912393162393162,2.99666480540125
,,0.91292735042735,2.99721759967167
,,0.913461538461538,2.99778924248377
,,0.913995726495727,2.998374622194
,,0.914529914529915,2.99896800213383
,,0.915064102564103,2.99955218337344
,,0.915598290598291,3.00013332714211
,,0.916132478632479,3.00072762941297
,,0.916666666666667,3.00135128615912
,,0.917200854700855,3.00202049335369
,,0.917735042735043,3.0027514469698
,,0.918269230769231,3.00356034298055
,,0.918803418803419,3.00446337735908
,,0.919337606837607,3.00547513970413
,,0.919871794871795,3.00653828550599
,,0.920405982905983,3.00761590550076
,,0.920940170940171,3.00870594809109
,,0.921474358974359,3.00980636167962
,,0.922008547008547,3.01091509466903
,,0.922542735042735,3.01203009546195
,,0.923076923076923,3.01314931246105
,,0.923611111111111,3.01427069406898
,,0.924145299145299,3.01539218414766
,,0.924679487179487,3.01651211490749
,,0.925213675213675,3.01763129708857
,,0.925747863247863,3.01875122383214
,,0.926282051282051,3.01987338827944
,,0.926816239316239,3.02099928357174
,,0.927350427350427,3.02213040285028
,,0.927884615384615,3.02326823925631
,,0.928418803418803,3.02441428593107
,,0.928952991452991,3.02557012634843
,,0.929487179487179,3.02675483988721
,,0.930021367521367,3.02797951010051
,,0.930555555555556,3.02924050184388
,,0.931089743589744,3.03053417997284
,,0.931623931623932,3.03185690934292
,,0.93215811965812,3.03320505480966
,,0.932692307692308,3.03457498122858
,,0.933226495726496,3.03596305345522
,,0.933760683760684,3.03736563765768
,,0.934294871794872,3.03878178391944
,,0.93482905982906,3.04021178589263
,,0.935363247863248,3.04165419085587
,,0.935897435897436,3.04310754608776
,,0.936431623931624,3.04457039886691
,,0.936965811965812,3.04604129647191
,,0.9375,3.04751878618137
,,0.938034188034188,3.04900141527391
,,0.938568376068376,3.05048773102811
,,0.939102564102564,3.05196639498985
,,0.939636752136752,3.05343372553462
,,0.94017094017094,3.05490170230188
,,0.940705128205128,3.0563823136193
,,0.941239316239316,3.05788754781456
,,0.941773504273504,3.05942939321533
,,0.942307692307692,3.06101983814929
,,0.94284188034188,3.06267087094412
,,0.943376068376068,3.0643944799275
,,0.943910256410256,3.06617936108772
,,0.944444444444444,3.06799476230349
,,0.944978632478633,3.06983388268187
,,0.945512820512821,3.07169006590671
,,0.946047008547009,3.07355665566182
,,0.946581196581197,3.07542699563104
,,0.947115384615385,3.0772944294982
,,0.947649572649573,3.07915230094713
,,0.948183760683761,3.08099395366167
,,0.948717948717949,3.08281134474258
,,0.949252136752137,3.08460510175472
,,0.949786324786325,3.08638483112977
,,0.950320512820513,3.08816021576614
,,0.950854700854701,3.08994093856225
,,0.951388888888889,3.09173668241651
,,0.951923076923077,3.09355713022733
,,0.952457264957265,3.09541196489313
,,0.952991452991453,3.0973108693123
,,0.953525641025641,3.09925887162073
,,0.954059829059829,3.10124769258971
,,0.954594017094017,3.10327064890228
,,0.955128205128205,3.10532119772171
,,0.955662393162393,3.10739279621127
,,0.956196581196581,3.10947890153424
,,0.956730769230769,3.1115729708539
,,0.957264957264957,3.11366846133352
,,0.957799145299145,3.11575883013637
,,0.958333333333333,3.11784189007851
,,0.958867521367521,3.11992462010635
,,0.959401709401709,3.12200737522962
,,0.959935897435897,3.12409015914779
,,0.960470085470085,3.12617297556035
,,0.961004273504273,3.12825582816677
,,0.961538461538462,3.13033872066654
,,0.96207264957265,3.13242165675913
,,0.962606837606838,3.13450464014402
,,0.963141025641026,3.13658773211758
,,0.963675213675214,3.13867108265687
,,0.964209401709402,3.14075467615427
,,0.96474358974359,3.14283848712016
,,0.965277777777778,3.1449224900649
,,0.965811965811966,3.14700665949887
,,0.966346153846154,3.14909096993243
,,0.966880341880342,3.15117539587596
,,0.96741452991453,3.15326072178102
,,0.967948717948718,3.15535797653328
,,0.968482905982906,3.15748007406143
,,0.969017094017094,3.15963897401754
,,0.969551282051282,3.16184663605363
,,0.97008547008547,3.16411501982174
,,0.970619658119658,3.16645608497392
,,0.971153846153846,3.1688817911622
,,0.971688034188034,3.1713658647566
,,0.972222222222222,3.17385079758578
,,0.97275641025641,3.17633573041496
,,0.973290598290598,3.17882066324414
,,0.973824786324786,3.18130559607333
,,0.974358974358974,3.18379052890251
,,0.974893162393162,3.18627546173169
,,0.97542735042735,3.18876039456087
,,0.975961538461538,3.19124532739005
,,0.976495726495727,3.19373026021923
,,0.977029914529915,3.1962151930484
,,0.977564102564103,3.19870012587758
,,0.978098290598291,3.20118505870676
,,0.978632478632479,3.20366999153594
,,0.979166666666667,3.20615492436512
,,0.979700854700855,3.20868137925133
,,0.980235042735043,3.2113235658271
,,0.980769230769231,3.21404919615516
,,0.981303418803419,3.2168221888351
,,0.981837606837607,3.2196064624665
,,0.982371794871795,3.22236593564892
,,0.982905982905983,3.22506452698195
,,0.983440170940171,3.22766948194613
,,0.983974358974359,3.23024004729171
,,0.984508547008547,3.23281061263729
,,0.985042735042735,3.23538117798286
,,0.985576923076923,3.23795174332844
,,0.986111111111111,3.24052230867401
,,0.986645299145299,3.24309287401959
,,0.987179487179487,3.24566343936516
,,0.987713675213675,3.24823400471074
,,0.988247863247863,3.25080457005631
,,0.988782051282051,3.25337513540188
,,0.989316239316239,3.25594570074746
,,0.989850427350427,3.25851626609303
,,0.990384615384615,3.26108683143861
,,0.990918803418803,3.26365739678418
,,0.991452991452991,3.26622757788225
,,0.991987179487179,3.26877226995052
,,0.992521367521367,3.27127860813847
,,0.993055555555556,3.27374971532468
,,0.993589743589744,3.27618871438773
,,0.994123931623932,3.27859872820618
,,0.99465811965812,3.28098287965861
,,0.995192307692308,3.28334429162359
,,0.995726495726496,3.28566907691072
,,0.996260683760684,3.2878915972118
,,0.996794871794872,3.29001552714527
,,0.99732905982906,3.29205302461359
,,0.997863247863248,3.29401624751918
,,0.998397435897436,3.2959173537645
,,0.998931623931624,3.297768501252
,,0.999465811965812,3.29958187480255
,,1,3.30138155282691
